id,shape,carring_type,opening_type,material,color,pattern,version,decoration,cropped_image_id,charm,strap_type
719,1,4,1,NULL,4,3,3,3,78,99,99
720,1,2,2,NULL,7,99,3,0,75,99,1
721,2,1,2,NULL,7,99,3,3,76,99,1
722,1,2,2,NULL,11,99,3,0,77,99,1
723,1,3,2,NULL,14,99,3,7,79,99,1
724,1,4,2,NULL,10,0,3,3,80,99,99
725,2,4,1,NULL,12,99,3,99,81,99,99
726,1,4,1,NULL,7,99,3,99,82,99,99
727,1,4,2,NULL,11,99,3,3,83,99,1
728,1,4,2,NULL,4,5,3,99,84,0,99
729,1,1,2,NULL,12,0,3,6,85,99,1
730,1,3,1,NULL,3,99,3,1,86,99,1
731,1,1,2,NULL,12,99,3,6,87,0,1
732,1,3,2,NULL,7,99,3,99,88,99,1
733,1,1,2,NULL,9,99,3,6,89,0,1
734,1,3,1,NULL,9,99,3,8,90,99,2
735,1,4,2,NULL,1,99,3,3,91,99,99
736,1,4,1,NULL,6,99,3,1,92,99,99
737,1,3,2,NULL,11,99,3,2,93,99,1
738,5,1,2,NULL,4,4,3,5,94,99,0
739,1,4,2,NULL,1,99,3,3,95,99,1
740,1,4,2,NULL,5,4,3,3,96,99,1
741,4,3,1,NULL,11,1,3,0,97,99,1
742,2,2,2,NULL,12,99,3,3,98,99,1
743,7,3,2,NULL,14,0,3,99,99,99,1
744,1,1,2,NULL,7,99,3,3,100,99,1
745,1,4,2,NULL,5,1,3,99,101,1,99
746,5,2,2,NULL,8,99,3,99,102,99,4
747,1,1,2,NULL,9,99,3,4,103,3,1
748,1,1,2,NULL,6,99,3,6,104,0,1
749,1,1,2,NULL,10,99,3,99,105,99,3
750,1,2,2,NULL,9,99,3,99,106,0,1
751,1,4,2,NULL,11,4,3,3,107,99,1
752,1,3,1,NULL,14,1,3,1,108,99,1
753,1,2,2,NULL,5,99,3,3,110,99,1
754,1,1,2,NULL,12,0,3,99,111,99,1
755,2,1,2,NULL,3,0,3,3,112,99,1
756,2,1,2,NULL,8,99,3,99,113,99,1
757,1,2,2,NULL,8,99,3,99,114,99,0
758,1,3,1,NULL,1,99,3,99,115,99,1
759,1,4,1,NULL,9,99,3,99,116,1,99
760,1,4,2,NULL,5,4,3,3,117,99,99
761,1,4,2,NULL,5,4,3,3,118,99,99
762,1,4,2,NULL,8,99,3,3,119,99,99
763,4,3,1,NULL,1,99,3,1,120,99,4
764,1,4,2,NULL,9,0,3,3,121,99,99
765,1,4,1,NULL,4,99,3,1,122,99,99
766,1,1,2,NULL,12,99,3,99,123,3,1
767,2,1,1,NULL,6,1,3,3,124,99,1
768,2,1,2,NULL,9,99,3,6,126,99,1
769,3,3,2,NULL,10,99,3,99,127,99,1
770,1,4,2,NULL,5,4,3,3,128,99,1
771,1,4,1,NULL,8,99,3,99,129,99,99
772,1,3,2,NULL,11,99,3,4,130,99,1
773,1,3,2,NULL,9,99,3,99,131,0,1
774,1,4,2,NULL,8,99,3,3,132,99,99
775,2,2,2,NULL,11,4,3,5,133,99,1
776,1,1,2,NULL,11,1,3,99,134,99,1
777,1,2,2,NULL,7,99,3,99,136,99,1
778,1,4,2,NULL,1,99,3,3,137,99,99
779,0,1,2,NULL,7,99,3,3,139,0,1
780,1,4,2,NULL,10,99,3,0,140,99,99
781,7,0,2,NULL,14,0,3,99,141,0,1
782,1,3,2,NULL,12,99,3,99,142,99,1
783,1,3,2,NULL,11,4,3,3,143,99,2
784,1,1,2,NULL,11,99,3,99,144,99,1
785,1,1,2,NULL,9,99,3,4,145,2,1
786,1,3,1,NULL,6,99,3,4,146,99,99
787,1,3,2,NULL,11,99,3,99,147,0,1
788,1,4,2,NULL,12,99,3,3,148,99,99
789,7,1,2,NULL,1,0,3,99,149,99,1
790,1,4,2,NULL,11,99,3,0,150,99,1
791,1,4,2,NULL,14,5,3,99,151,99,99
792,0,1,2,NULL,11,99,3,99,152,0,1
793,1,3,2,NULL,12,0,3,8,153,99,2
794,2,1,2,NULL,9,5,3,99,154,99,1
795,1,3,1,NULL,5,99,3,1,155,99,1
796,1,4,1,NULL,1,99,3,1,156,99,99
797,1,2,2,NULL,1,0,3,8,157,99,1
798,1,1,2,NULL,5,0,3,99,158,99,1
799,1,4,2,NULL,14,99,3,3,159,99,99
800,1,3,2,NULL,12,99,3,99,160,99,2
801,1,1,1,NULL,7,99,3,8,161,99,1
802,2,1,2,NULL,7,99,3,99,162,99,1
803,2,2,2,NULL,11,99,3,0,163,2,1
804,2,1,2,NULL,12,99,3,0,164,1,1
805,1,4,2,NULL,10,99,3,99,165,99,99
806,1,4,2,NULL,11,99,3,3,166,99,99
807,0,2,2,NULL,14,5,3,99,167,99,1
808,7,2,2,NULL,3,0,3,99,168,99,1
809,1,3,2,NULL,10,99,3,99,169,99,1
810,1,3,2,NULL,10,0,3,5,170,99,0
811,1,2,2,NULL,14,5,3,99,171,99,1
812,1,2,2,NULL,10,99,3,3,172,99,1
813,2,3,2,NULL,9,99,3,2,173,99,1
814,0,2,2,NULL,10,99,3,0,174,99,1
815,4,3,1,NULL,7,99,3,1,175,99,1
816,1,1,2,NULL,10,99,3,99,176,99,1
817,7,1,2,NULL,10,99,3,3,177,99,1
818,4,3,1,NULL,10,99,3,99,178,99,1
819,1,2,2,NULL,14,0,3,99,179,99,1
820,1,2,2,NULL,8,99,3,99,180,99,1
821,7,1,2,NULL,3,0,3,99,181,99,3
822,1,1,2,NULL,14,5,3,99,182,99,1
823,7,2,2,NULL,8,0,3,99,183,99,4
824,1,2,2,NULL,8,99,3,3,184,99,1
825,1,3,1,NULL,5,99,3,99,185,99,1
826,1,2,2,NULL,10,99,3,3,186,99,1
827,1,2,2,NULL,10,0,3,5,187,99,0
828,1,2,2,NULL,10,99,3,3,188,99,1
829,1,2,2,NULL,9,0,3,99,189,99,1
830,4,3,1,NULL,11,99,3,1,190,99,1
831,1,2,2,NULL,9,99,3,99,191,99,1
832,1,2,2,NULL,5,99,3,99,192,99,1
833,2,1,2,NULL,9,0,3,99,193,99,1
834,1,3,2,NULL,11,99,3,99,194,99,1
835,1,2,1,NULL,11,99,3,99,195,99,4
836,7,0,2,NULL,9,99,3,99,196,99,0
837,1,3,2,NULL,10,99,3,99,197,99,1
838,1,2,2,NULL,10,99,3,7,198,99,1
839,7,1,2,NULL,11,99,3,99,199,99,1
840,1,3,2,NULL,8,99,3,99,200,99,1
841,1,2,2,NULL,10,99,3,99,201,99,1
842,1,2,1,NULL,10,99,3,99,202,99,1
843,1,1,2,NULL,10,99,3,99,203,99,1
844,0,2,2,NULL,5,99,3,99,204,99,1
845,5,3,2,NULL,4,99,3,99,205,99,4
846,1,2,2,NULL,11,99,3,99,206,99,4
847,7,3,2,NULL,8,99,3,99,207,99,1
848,1,1,2,NULL,10,99,3,99,208,99,1
849,4,3,1,NULL,9,0,3,99,209,99,1
850,1,3,1,NULL,1,99,3,99,210,99,1
851,1,2,2,NULL,14,5,3,99,211,99,1
852,1,2,2,NULL,10,99,3,99,212,99,1
853,1,2,2,NULL,5,5,3,99,213,99,1
854,1,1,2,NULL,8,0,3,5,214,99,0
855,2,1,2,NULL,8,99,3,3,215,99,1
856,2,1,1,NULL,3,0,3,99,216,99,1
857,1,3,1,NULL,8,99,3,99,217,99,1
858,1,3,1,NULL,7,99,3,99,218,99,1
859,1,3,2,NULL,5,99,3,99,219,99,1
860,1,3,1,NULL,10,99,3,1,220,99,1
861,5,2,2,NULL,10,99,3,7,221,99,4
862,2,3,2,NULL,10,99,3,99,222,99,1
863,1,2,1,NULL,9,0,3,99,223,99,1
864,1,1,1,NULL,1,99,3,99,624,99,0
865,1,3,1,NULL,4,99,3,99,625,99,2
866,1,3,2,NULL,11,99,3,8,626,99,2
867,1,4,1,NULL,12,99,3,2,627,99,99
868,1,4,1,NULL,11,99,3,99,628,99,2
869,4,3,1,NULL,11,99,3,1,629,99,2
870,4,3,1,NULL,7,1,3,99,630,99,1
871,2,1,2,NULL,9,0,3,0,631,99,0
872,1,0,2,NULL,11,99,3,0,632,99,99
873,2,1,1,NULL,7,99,3,1,633,99,1
874,4,4,2,NULL,9,1,3,99,634,99,99
875,2,1,2,NULL,4,0,3,8,635,99,1
876,2,2,2,NULL,10,99,3,99,636,99,1
877,7,1,2,NULL,5,99,3,99,637,99,0
878,1,3,1,NULL,4,99,3,1,638,99,2
879,4,2,1,NULL,6,1,3,99,639,99,4
880,2,1,2,NULL,11,99,3,99,640,99,1
881,7,1,2,NULL,11,99,3,99,641,99,3
882,1,4,2,NULL,1,99,3,6,642,99,99
883,1,3,1,NULL,11,99,3,1,643,99,1
884,1,1,2,NULL,7,0,3,0,644,99,2
885,6,1,2,NULL,1,99,3,99,645,0,3
886,1,1,1,NULL,9,99,3,0,646,99,1
887,2,1,1,NULL,5,99,3,99,647,99,1
888,1,1,1,NULL,4,99,3,4,648,99,0
889,1,4,2,NULL,4,99,3,2,649,99,99
890,4,1,1,NULL,1,99,3,1,650,99,0
891,1,1,1,NULL,12,99,3,99,651,99,3
892,1,4,1,NULL,3,99,3,1,652,99,99
893,1,4,2,NULL,4,4,3,3,653,0,99
894,1,4,2,NULL,2,99,3,7,654,99,99
895,1,4,2,NULL,11,99,3,2,655,99,99
896,1,4,1,NULL,8,99,3,0,656,99,99
897,2,1,1,NULL,11,99,3,6,657,99,1
898,4,3,1,NULL,8,99,3,1,658,99,2
899,7,2,2,NULL,11,99,3,99,659,0,1
900,2,1,1,NULL,4,99,3,1,660,99,2
901,2,1,2,NULL,9,99,3,2,661,99,1
902,1,3,1,NULL,7,0,3,1,662,99,2
903,4,2,1,NULL,11,1,3,99,663,99,2
904,1,3,1,NULL,6,99,3,1,664,99,2
905,2,1,2,NULL,3,99,3,2,665,0,3
906,2,1,2,NULL,11,99,3,1,666,2,1
907,1,1,2,NULL,7,99,3,2,667,2,1
908,2,1,2,NULL,7,99,3,2,668,99,0
909,1,3,1,NULL,3,99,3,1,669,99,1
910,1,3,1,NULL,7,99,3,2,670,99,1
911,2,1,2,NULL,12,99,3,2,671,99,1
912,4,1,2,NULL,9,99,3,99,672,99,1
913,1,3,2,NULL,12,99,3,2,673,99,1
914,1,3,1,NULL,11,4,3,5,674,99,2
915,1,3,2,NULL,1,99,3,0,675,99,2
916,1,3,1,NULL,1,99,3,1,676,99,1
917,1,4,2,NULL,12,0,3,7,677,99,99
918,2,1,2,NULL,4,99,3,99,678,99,4
919,1,3,1,NULL,11,0,3,1,679,99,2
920,4,3,1,NULL,8,99,3,99,680,99,4
921,1,1,2,NULL,9,99,3,99,224,99,1
922,2,1,2,NULL,10,4,3,5,225,99,0
923,2,1,2,NULL,11,4,3,99,229,99,1
924,1,3,2,NULL,11,99,3,99,231,2,1
925,2,2,2,NULL,8,99,3,99,234,99,1
926,1,3,1,NULL,1,99,3,99,235,99,1
927,1,1,2,NULL,10,4,3,99,238,99,1
928,1,2,1,NULL,1,99,3,99,239,99,1
929,1,1,1,NULL,9,4,3,99,240,99,1
930,1,2,2,NULL,5,4,3,99,242,99,1
931,2,2,1,NULL,5,99,3,99,243,99,1
932,1,2,1,NULL,10,99,3,99,244,99,1
933,2,1,2,NULL,8,4,3,99,245,99,1
934,2,1,2,NULL,10,99,3,99,248,99,1
935,2,2,2,NULL,11,99,3,99,250,99,1
936,1,2,2,NULL,11,99,3,99,251,99,1
937,2,2,2,NULL,9,99,3,99,253,2,1
938,7,1,2,NULL,9,4,3,5,256,99,0
939,1,2,2,NULL,10,99,3,3,257,99,1
940,1,2,2,NULL,11,99,3,99,258,99,1
941,7,2,2,NULL,10,99,3,99,259,2,1
942,1,2,2,NULL,4,99,3,99,260,99,1
943,1,2,2,NULL,9,99,3,99,261,99,1
944,7,1,2,NULL,9,99,3,99,262,99,1
945,2,2,2,NULL,10,0,3,99,263,99,1
946,7,2,2,NULL,10,99,3,99,265,2,1
947,7,2,2,NULL,4,99,3,99,266,99,1
948,1,2,1,NULL,8,99,3,99,267,99,1
949,2,1,2,NULL,8,4,3,5,268,99,0
950,1,2,2,NULL,10,99,3,3,269,99,1
951,1,2,2,NULL,8,99,3,3,270,99,1
952,1,2,2,NULL,5,99,3,99,271,99,1
953,1,3,2,NULL,8,4,3,99,272,99,2
954,7,1,2,NULL,10,99,3,99,273,99,1
955,2,2,2,NULL,9,99,3,99,274,99,1
956,1,1,1,NULL,14,99,3,4,275,99,1
957,1,3,1,NULL,9,99,3,99,230,99,1
958,1,1,2,NULL,11,99,3,99,246,99,1
959,1,1,2,NULL,9,99,3,3,252,2,1
960,1,2,2,NULL,12,99,3,99,276,99,1
961,1,4,1,NULL,7,99,3,4,277,99,99
962,1,2,2,NULL,8,99,3,99,278,99,1
963,2,2,2,NULL,12,99,3,99,279,1,1
964,1,4,2,NULL,8,99,3,3,280,2,99
965,2,1,2,NULL,5,2,3,99,283,99,1
966,1,4,1,NULL,14,99,3,1,284,1,99
967,2,2,2,NULL,10,99,3,1,286,99,1
968,1,1,1,NULL,5,2,3,1,287,99,1
969,1,4,1,NULL,14,4,3,1,288,99,99
970,1,2,1,NULL,9,99,3,4,289,99,1
971,5,2,2,NULL,7,99,3,99,290,99,1
972,1,2,2,NULL,11,0,3,99,291,99,1
973,1,2,1,NULL,11,99,3,1,292,1,1
974,2,2,2,NULL,9,99,3,2,293,99,1
975,1,4,1,NULL,11,1,3,99,294,99,99
976,1,4,1,NULL,8,99,3,99,296,99,99
977,2,1,2,NULL,5,99,3,4,297,99,1
978,2,1,2,NULL,11,99,3,99,298,99,1
979,2,2,2,NULL,9,99,3,4,300,99,1
980,1,3,1,NULL,1,99,3,99,301,99,1
981,1,1,2,NULL,10,99,3,99,302,2,1
982,2,1,2,NULL,9,99,3,4,303,99,1
983,2,1,2,NULL,9,99,3,99,304,99,1
984,1,1,2,NULL,11,99,3,99,305,99,1
985,1,4,2,NULL,14,99,3,2,306,2,99
986,5,2,2,NULL,12,99,3,2,308,99,1
987,1,2,1,NULL,8,99,3,99,309,99,1
988,1,4,1,NULL,11,1,3,1,310,99,99
989,1,1,1,NULL,7,99,3,1,311,99,1
990,2,1,2,NULL,4,99,3,4,312,2,1
991,2,1,2,NULL,9,99,3,4,313,1,1
992,2,1,1,NULL,7,99,3,1,316,99,1
993,4,3,1,NULL,14,4,3,99,317,99,4
994,2,3,2,NULL,5,99,3,4,318,99,1
995,1,1,2,NULL,11,99,3,4,321,99,1
996,2,1,2,NULL,7,99,3,99,322,2,1
997,1,1,2,NULL,5,2,3,6,325,99,1
998,1,2,2,NULL,5,99,3,99,326,99,1
999,1,3,1,NULL,8,99,3,1,328,99,1
1000,2,2,2,NULL,11,99,3,99,329,1,1
1001,1,2,1,NULL,5,99,3,1,330,99,2
1002,2,1,1,NULL,14,0,3,1,332,99,1
1003,1,4,1,NULL,11,1,3,1,334,99,99
1004,2,2,1,NULL,8,99,3,99,335,99,1
1005,1,2,2,NULL,11,99,3,99,336,99,1
1006,1,4,2,NULL,12,99,3,0,282,99,99
1007,1,2,2,NULL,11,3,3,1,299,99,1
1008,1,2,1,NULL,12,99,3,1,307,99,1
1009,1,2,2,NULL,4,1,3,1,315,99,1
1010,2,1,2,NULL,8,4,3,99,320,99,3
1011,2,1,2,NULL,12,99,3,4,327,2,1
1012,2,2,1,NULL,7,99,3,99,331,1,1
1013,2,1,1,NULL,11,99,3,4,337,99,1
1014,1,1,1,NULL,11,1,3,4,338,99,1
1015,1,2,2,NULL,6,1,3,4,339,99,4
1016,2,2,1,NULL,9,99,3,1,340,99,1
1017,1,1,2,NULL,1,1,3,99,341,2,1
1018,2,1,1,NULL,14,2,3,1,342,99,2
1019,1,3,1,NULL,7,2,3,99,343,99,1
1020,1,2,2,NULL,14,0,3,99,344,99,1
1021,1,1,1,NULL,7,99,3,1,345,99,1
1022,1,1,2,NULL,2,99,3,2,346,99,1
1023,1,1,2,NULL,11,0,3,99,347,1,4
1024,2,1,2,NULL,1,99,3,2,348,99,1
1025,2,2,2,NULL,11,99,3,1,349,99,1
1026,4,1,2,NULL,14,0,3,99,350,99,1
1027,5,2,2,NULL,12,1,3,2,351,99,1
1028,2,1,2,NULL,1,99,3,4,353,99,4
1029,1,1,1,NULL,9,99,3,1,354,99,1
1030,1,1,2,NULL,11,99,3,6,355,99,1
1031,2,1,2,NULL,9,99,3,99,357,99,1
1032,2,1,2,NULL,10,0,3,99,358,99,1
1033,1,2,2,NULL,9,99,3,4,359,99,1
1034,2,1,2,NULL,8,99,3,2,360,99,1
1035,1,3,2,NULL,12,99,3,2,361,1,1
1036,2,1,2,NULL,11,0,3,99,362,2,1
1037,1,1,1,NULL,1,2,3,1,364,99,1
1038,1,2,1,NULL,11,99,3,1,365,99,2
1039,2,1,1,NULL,14,99,3,4,367,99,1
1040,1,4,2,NULL,5,2,3,2,368,2,99
1041,5,2,1,NULL,11,99,3,99,352,99,4
1042,2,1,2,NULL,5,99,3,99,369,99,1
1043,1,1,2,NULL,9,99,3,99,370,2,1
1044,1,3,2,NULL,10,2,3,99,371,99,2
1045,1,4,1,NULL,12,1,3,2,372,99,99
1046,1,1,1,NULL,7,0,3,1,373,99,1
1047,2,2,1,NULL,14,99,3,99,374,99,1
1048,1,1,2,NULL,10,99,3,3,375,99,2
1049,1,1,1,NULL,7,99,3,1,376,99,1
1050,2,2,2,NULL,11,99,3,0,377,99,1
1051,1,1,2,NULL,11,99,3,0,378,1,1
1052,1,3,1,NULL,8,99,3,1,380,99,2
1053,1,1,1,NULL,1,99,3,1,381,99,1
1054,1,2,2,NULL,5,99,3,7,382,99,1
1055,2,1,2,NULL,11,99,3,1,383,1,1
1056,1,2,2,NULL,12,99,3,99,384,1,1
1057,1,4,1,NULL,1,99,3,2,681,99,99
1058,5,2,2,NULL,1,99,3,2,682,99,1
1059,1,3,1,NULL,9,99,3,2,683,99,2
1060,1,1,2,NULL,11,99,3,6,385,99,1
1061,2,2,2,NULL,12,99,3,99,387,99,1
1062,2,1,1,NULL,9,99,3,1,388,99,1
1063,1,2,2,NULL,7,99,3,2,389,99,1
1064,1,2,2,NULL,4,99,3,7,390,99,1
1065,2,1,1,NULL,9,1,3,99,391,99,1
1066,1,2,2,NULL,11,99,3,4,392,99,1
1067,1,2,2,NULL,5,99,3,99,393,99,1
1068,1,4,2,NULL,1,2,3,6,394,1,99
1069,1,3,1,NULL,2,99,3,99,395,99,1
1070,1,1,2,NULL,1,0,3,4,397,99,1
1071,1,4,1,NULL,5,99,3,1,398,99,99
1072,1,2,1,NULL,12,4,3,1,399,99,2
1073,1,1,2,NULL,6,1,3,99,400,99,1
1074,1,1,2,NULL,6,99,3,99,401,2,1
1075,1,1,2,NULL,12,99,3,4,402,99,1
1076,1,1,1,NULL,11,4,3,1,404,99,1
1077,2,1,2,NULL,3,99,3,99,405,0,3
1078,4,2,1,NULL,7,99,3,2,406,99,1
1079,1,1,2,NULL,11,1,3,99,407,99,1
1080,2,1,2,NULL,7,99,3,1,409,99,1
1081,1,1,2,NULL,9,99,3,1,410,99,1
1082,1,3,2,NULL,11,99,3,99,411,99,1
1083,2,1,1,NULL,9,1,3,99,412,99,1
1084,1,1,2,NULL,9,99,3,99,414,99,1
1085,1,1,2,NULL,11,99,3,99,415,1,1
1086,2,2,2,NULL,5,3,3,1,416,99,1
1087,2,2,2,NULL,8,99,3,2,417,99,2
1088,1,1,2,NULL,5,99,3,1,418,99,1
1089,2,1,2,NULL,7,99,3,4,419,99,1
1090,1,2,2,NULL,11,99,3,99,420,99,1
1091,1,2,2,NULL,6,0,3,2,421,99,1
1092,1,2,2,NULL,1,99,3,2,422,99,1
1093,2,2,2,NULL,11,99,3,2,423,99,1
1094,1,1,2,NULL,11,99,3,99,424,99,1
1095,1,4,2,NULL,14,4,3,99,425,99,1
1096,2,2,2,NULL,6,99,3,2,426,99,2
1097,1,4,2,NULL,10,99,3,99,427,99,99
1098,1,3,1,NULL,11,99,3,1,428,99,2
1099,2,1,2,NULL,14,99,3,99,429,1,1
1100,1,4,1,NULL,11,2,3,1,431,99,2
1101,1,4,2,NULL,7,99,3,99,430,99,2
1102,2,1,1,NULL,14,4,3,99,432,99,1
1103,1,3,2,NULL,8,2,3,99,433,99,2
1104,1,1,2,NULL,7,99,3,2,434,99,2
1105,2,1,2,NULL,9,99,3,4,436,99,1
1106,7,2,2,NULL,3,99,3,4,437,1,1
1107,1,1,1,NULL,9,99,3,1,438,99,1
1108,1,1,2,NULL,5,99,3,99,439,1,1
1109,2,1,2,NULL,8,99,3,2,440,99,1
1110,1,1,2,NULL,10,99,3,1,441,99,2
1111,2,1,1,NULL,14,99,3,4,442,99,1
1112,1,1,1,NULL,7,99,3,4,444,99,1
1113,2,2,2,NULL,12,99,3,99,445,0,1
1114,1,4,1,NULL,14,2,3,99,446,1,99
1115,1,4,2,NULL,8,99,3,1,447,99,99
1116,1,1,1,NULL,10,99,3,4,448,99,1
1117,5,1,2,NULL,11,99,3,7,449,99,1
1118,1,2,2,NULL,11,2,3,6,450,99,1
1119,1,1,2,NULL,7,99,3,99,451,99,1
1120,1,2,2,NULL,10,99,3,2,454,1,1
1121,1,3,1,NULL,8,99,3,99,455,99,1
1122,2,4,2,NULL,11,99,3,6,456,99,99
1123,2,1,2,NULL,8,4,3,99,457,99,3
1124,1,1,1,NULL,1,99,3,1,458,99,4
1125,1,4,2,NULL,5,2,3,2,459,2,99
1126,2,1,2,NULL,11,99,3,99,460,99,1
1127,2,2,2,NULL,11,99,3,7,461,99,1
1128,2,2,2,NULL,3,99,3,3,462,99,1
1129,2,1,2,NULL,14,0,3,99,463,99,1
1130,1,2,2,NULL,6,0,3,99,464,99,1
1131,5,1,2,NULL,9,99,3,99,465,99,1
1132,1,4,2,NULL,11,2,3,99,466,99,2
1133,1,2,2,NULL,11,99,3,99,467,99,1
1134,2,2,1,NULL,6,99,3,99,468,1,1
1135,1,2,2,NULL,11,99,3,2,469,99,1
1136,1,2,1,NULL,10,99,3,1,471,99,2
1137,1,1,2,NULL,9,99,3,2,473,99,1
1138,1,1,2,NULL,11,1,3,6,474,99,1
1139,2,4,2,NULL,5,99,3,1,475,99,99
1140,1,4,2,NULL,8,1,3,99,476,99,99
1141,1,2,2,NULL,1,99,3,99,477,99,1
1142,1,2,2,NULL,11,99,3,99,480,99,1
1143,2,2,2,NULL,1,99,3,2,481,99,1
1144,1,1,2,NULL,1,99,3,99,482,1,1
1145,1,2,2,NULL,1,99,3,1,483,99,1
1146,2,1,2,NULL,1,1,3,99,484,2,1
1147,2,1,2,NULL,1,1,3,99,485,2,1
1148,2,2,2,NULL,5,2,3,99,486,99,2
1149,2,1,2,NULL,8,4,3,99,487,99,0
1150,1,4,2,NULL,6,99,3,99,488,1,99
1151,1,1,2,NULL,10,1,3,99,489,99,1
1152,1,4,1,NULL,1,99,3,2,490,99,2
1153,1,2,2,NULL,9,99,3,4,491,99,2
1154,6,1,2,NULL,9,99,3,99,492,99,4
1155,1,4,2,NULL,10,99,3,99,494,99,99
1156,1,2,1,NULL,1,99,3,1,495,99,1
1157,1,2,2,NULL,14,99,3,99,496,99,1
1158,1,2,2,NULL,5,99,3,2,497,99,1
1159,1,2,2,NULL,5,99,3,99,498,99,1
1160,5,1,2,NULL,11,1,3,2,499,99,1
1161,1,1,2,NULL,8,99,3,2,500,99,1
1162,1,1,2,NULL,11,99,3,4,502,99,1
1163,1,2,2,NULL,1,4,3,1,504,99,2
1164,2,2,2,NULL,10,99,3,99,506,99,2
1165,1,1,2,NULL,10,99,3,4,507,99,1
1166,1,4,2,NULL,9,1,3,99,509,99,99
1167,1,2,2,NULL,11,2,3,99,510,2,1
1168,1,2,1,NULL,10,99,3,1,512,99,1
1169,1,1,1,NULL,5,99,3,1,514,99,1
1170,2,1,2,NULL,10,0,3,99,515,99,1
1171,1,1,1,NULL,14,99,3,1,516,99,1
1172,1,1,2,NULL,11,99,3,99,517,99,0
1173,1,2,2,NULL,1,99,3,2,518,1,1
1174,1,2,1,NULL,9,99,3,1,519,99,2
1175,1,1,2,NULL,6,1,3,99,520,99,1
1176,1,4,1,NULL,5,99,3,1,521,99,2
1177,1,1,1,NULL,1,99,3,4,523,99,1
1178,1,1,2,NULL,8,99,3,2,524,99,1
1179,1,3,1,NULL,11,2,3,99,525,99,2
1180,1,1,2,NULL,12,99,3,4,526,99,1
1181,1,1,2,NULL,1,2,3,99,527,99,1
1182,1,4,1,NULL,5,99,3,2,528,99,1
1183,1,2,2,NULL,9,99,3,2,529,1,2
1184,1,4,1,NULL,1,99,3,1,530,99,99
1185,1,4,2,NULL,11,99,3,2,532,99,99
1186,2,1,2,NULL,12,99,3,99,533,99,1
1187,2,1,2,NULL,1,99,3,2,534,99,2
1188,1,1,2,NULL,10,99,3,2,535,1,1
1189,1,4,1,NULL,5,0,3,99,536,99,99
1190,1,1,2,NULL,12,99,3,4,537,99,1
1191,1,4,2,NULL,5,99,3,1,538,99,99
1192,2,2,2,NULL,7,99,3,1,540,3,0
1193,2,1,1,NULL,11,99,3,1,541,99,2
1194,1,4,2,NULL,5,99,3,2,542,99,99
1195,2,1,2,NULL,2,99,3,99,543,2,1
1196,1,4,2,NULL,5,99,3,2,544,99,99
1197,1,4,2,NULL,12,99,3,6,545,99,99
1198,7,2,2,NULL,10,99,3,6,546,99,1
1199,2,1,2,NULL,4,99,3,2,547,99,1
1200,2,1,2,NULL,7,5,3,99,548,99,1
1201,1,1,2,NULL,7,99,3,4,549,99,1
1202,1,4,2,NULL,1,99,3,2,550,99,99
1203,1,2,2,NULL,11,99,3,99,551,99,4
1204,1,1,2,NULL,11,99,3,2,553,99,1
1205,1,1,1,NULL,10,99,3,99,554,99,1
1206,2,2,1,NULL,11,99,3,1,555,99,1
1207,1,4,1,NULL,5,99,3,1,556,99,2
1208,1,4,2,NULL,7,99,3,99,557,99,99
1209,4,2,2,NULL,11,1,3,99,558,99,2
1210,3,1,1,NULL,11,99,3,1,560,99,1
1211,1,1,1,NULL,12,0,3,99,561,99,2
1212,2,1,2,NULL,6,99,3,2,562,99,1
1213,1,2,2,NULL,11,99,3,99,563,99,1
1214,1,4,1,NULL,8,99,3,1,564,99,1
1215,4,2,2,NULL,10,99,3,99,565,99,1
1216,1,1,1,NULL,7,99,3,0,566,3,1
1217,1,4,2,NULL,9,99,3,2,567,99,2
1218,1,2,1,NULL,4,99,3,1,568,99,2
1219,1,2,1,NULL,11,99,3,1,571,99,2
1220,1,4,2,NULL,5,99,3,2,572,99,99
1221,1,4,2,NULL,14,0,3,7,573,99,99
1222,1,2,2,NULL,1,99,3,2,574,99,1
1223,1,4,1,NULL,2,99,3,2,575,99,99
1224,1,1,2,NULL,9,99,3,2,576,99,0
1225,1,2,2,NULL,11,2,3,2,577,99,1
1226,1,1,1,NULL,8,99,3,1,578,99,1
1227,1,2,1,NULL,11,99,3,1,579,99,4
1228,4,1,2,NULL,1,99,3,99,580,99,2
1229,1,4,1,NULL,11,99,3,2,581,99,99
1230,1,4,1,NULL,11,99,3,1,582,99,2
1231,2,1,2,NULL,11,1,3,99,584,99,1
1232,1,4,2,NULL,11,99,3,99,585,99,99
1233,2,1,1,NULL,9,1,3,99,586,99,1
1234,1,4,1,NULL,5,99,3,1,587,99,2
1235,1,2,1,NULL,11,99,3,2,588,99,2
1236,1,1,2,NULL,7,99,3,0,589,99,2
1237,1,4,2,NULL,9,4,3,2,590,99,99
1238,1,4,1,NULL,7,2,3,1,591,99,2
1239,1,2,1,NULL,4,99,3,1,592,99,2
1240,1,4,2,NULL,11,0,3,2,593,99,99
1241,7,1,2,NULL,14,4,3,6,594,99,1
1242,1,2,1,NULL,5,4,3,1,595,99,2
1243,3,1,2,NULL,5,4,3,2,596,1,1
1244,2,1,2,NULL,4,99,3,2,597,2,1
1245,2,2,2,NULL,5,99,3,0,598,99,1
1246,2,4,1,NULL,1,99,3,1,599,99,1
1247,1,4,1,NULL,11,2,3,1,600,99,2
1248,1,4,1,NULL,11,99,3,1,601,99,2
1249,2,1,2,NULL,7,99,3,2,602,99,1
1250,1,4,2,NULL,4,99,3,1,603,99,99
1251,2,2,1,NULL,7,99,3,1,604,99,1
1252,2,1,2,NULL,6,99,3,1,605,2,1
1253,2,1,2,NULL,7,99,3,2,606,3,1
1254,1,2,1,NULL,1,99,3,1,607,99,1
1255,1,4,1,NULL,1,99,3,1,608,99,99
1256,4,1,2,NULL,11,99,3,99,609,99,1
1257,4,2,2,NULL,14,0,3,99,610,99,2
1258,1,2,1,NULL,11,99,3,1,611,99,1
1259,1,4,1,NULL,5,99,3,1,612,99,99
1260,3,2,2,NULL,11,1,3,2,613,99,1
1261,1,2,1,NULL,3,99,3,1,614,99,2
1262,2,1,2,NULL,11,99,3,99,615,99,1
1263,2,2,2,NULL,6,99,3,99,616,99,1
1264,1,1,2,NULL,7,99,3,99,617,99,1
1265,2,1,2,NULL,5,99,3,2,618,2,1
1266,1,4,2,NULL,9,99,3,6,619,99,99
1267,2,1,2,NULL,9,99,3,6,620,99,1
1268,1,2,1,NULL,5,99,3,2,622,2,1
1269,1,4,2,NULL,1,99,3,2,623,99,99
1270,1,2,1,NULL,11,99,3,2,1024,99,4
1271,1,3,1,NULL,6,99,3,1,684,2,4
1272,1,4,1,NULL,8,99,3,2,1025,99,2
1273,1,2,1,NULL,6,99,3,1,1026,99,4
1274,1,2,1,NULL,14,0,3,1,1027,99,2
1275,2,1,2,NULL,10,99,3,2,1028,99,1
1276,2,1,2,NULL,7,99,3,2,1029,2,1
1277,2,1,2,NULL,9,99,3,99,1030,99,0
1278,2,1,2,NULL,5,99,3,2,685,99,1
1279,7,1,2,NULL,11,99,3,2,1031,99,4
1280,1,2,1,NULL,3,4,3,1,1032,99,2
1281,3,4,2,NULL,11,1,3,2,1033,99,99
1282,1,4,1,NULL,11,99,3,1,1034,99,2
1283,1,2,2,NULL,4,99,3,99,1036,1,2
1284,1,1,2,NULL,3,99,3,99,1037,1,3
1285,1,4,1,NULL,1,99,3,2,1038,99,2
1286,1,2,2,NULL,14,99,3,2,1039,2,2
1287,1,4,1,NULL,8,2,3,1,1040,99,2
1288,1,4,1,NULL,14,0,3,99,1041,1,2
1289,1,2,1,NULL,12,99,3,1,1042,99,1
1290,1,2,1,NULL,1,99,3,99,1044,99,2
1291,1,2,2,NULL,6,99,3,99,1045,99,1
1292,2,1,2,NULL,5,99,3,1,1046,2,1
1293,2,1,2,NULL,8,99,3,2,1047,0,1
1294,7,2,2,NULL,11,99,3,99,1048,99,1
1295,1,1,2,NULL,3,1,3,2,1049,99,1
1296,1,4,1,NULL,6,99,3,99,1050,99,2
1297,3,4,2,NULL,10,3,3,99,1051,99,99
1298,1,4,2,NULL,5,0,3,1,1053,99,2
1299,2,1,1,NULL,4,99,3,99,1054,99,2
1300,1,4,2,NULL,11,1,3,2,1056,99,99
1301,2,1,2,NULL,8,99,3,1,1057,99,1
1302,7,2,2,NULL,7,99,3,99,1058,99,4
1303,1,4,1,NULL,11,99,3,2,1059,99,99
1304,2,1,2,NULL,5,99,3,4,1060,99,1
1305,1,2,2,NULL,10,99,3,99,1061,99,2
1306,1,4,1,NULL,4,99,3,2,1062,99,2
1307,1,4,1,NULL,8,99,3,99,1063,99,2
1308,1,4,1,NULL,11,99,3,1,1064,99,2
1309,1,2,1,NULL,8,99,3,1,1065,99,1
1310,1,2,1,NULL,2,99,3,99,1066,1,1
1311,7,2,2,NULL,6,99,3,99,1067,99,1
1312,1,4,1,NULL,5,99,3,2,1069,99,99
1313,1,2,2,NULL,7,99,3,0,1070,99,1
1314,2,2,1,NULL,11,99,3,1,1071,99,2
1315,1,2,1,NULL,12,0,3,2,1073,99,2
1316,1,2,2,NULL,6,99,3,99,1076,0,1
1317,1,2,2,NULL,10,99,3,3,1078,99,1
1318,7,1,2,NULL,3,99,3,99,1079,99,1
1319,1,2,1,NULL,9,99,3,4,1080,99,1
1320,4,2,1,NULL,10,99,3,99,1082,99,1
1321,1,2,2,NULL,10,99,3,3,1088,99,1
1322,1,2,1,NULL,8,99,3,99,1089,99,1
1323,1,2,2,NULL,10,99,3,99,1090,99,1
1324,1,1,2,NULL,5,99,3,99,1091,99,1
1325,2,2,1,NULL,9,99,3,99,1092,99,1
1326,1,2,2,NULL,8,4,3,99,1094,99,1
1327,1,2,2,NULL,9,99,3,99,1095,99,1
1328,1,3,1,NULL,11,99,3,2,1096,99,1
1329,2,2,2,NULL,10,99,3,7,1097,99,1
1330,2,1,2,NULL,7,99,3,1,1098,99,1
1331,1,2,2,NULL,1,99,3,1,1099,1,1
1332,2,2,2,NULL,8,99,3,99,1100,99,1
1333,1,1,2,NULL,11,99,3,6,1101,99,1
1334,2,1,1,NULL,5,99,3,1,687,99,2
1335,1,3,1,NULL,1,99,3,1,688,99,2
1336,2,2,2,NULL,11,99,3,7,1102,99,1
1337,4,2,1,NULL,3,1,3,99,689,99,2
1338,2,1,2,NULL,10,99,3,99,1103,0,1
1339,2,1,1,NULL,6,99,3,4,1105,99,1
1340,2,1,2,NULL,8,99,3,99,690,99,1
1341,1,4,1,NULL,14,2,3,4,1106,99,99
1342,1,4,1,NULL,11,0,3,99,691,99,99
1343,1,4,1,NULL,11,99,3,99,1107,99,99
1344,1,2,1,NULL,1,99,3,1,1108,99,2
1345,7,1,2,NULL,11,1,3,99,1109,99,1
1346,1,4,1,NULL,7,99,3,2,692,99,99
1347,1,1,2,NULL,10,99,3,7,1111,99,1
1348,1,4,2,NULL,14,0,3,4,1112,99,99
1349,2,1,2,NULL,5,99,3,99,1113,2,1
1350,2,3,1,NULL,5,99,3,7,693,99,1
1351,1,4,2,NULL,10,99,3,99,1114,99,2
1352,1,4,1,NULL,7,99,3,1,1115,99,2
1353,2,1,2,NULL,9,1,3,99,694,99,1
1354,1,4,2,NULL,11,99,3,2,1116,99,99
1355,1,1,1,NULL,7,99,3,1,1117,99,2
1356,1,4,1,NULL,10,99,3,99,1118,99,2
1357,2,1,2,NULL,7,99,3,2,1119,99,1
1358,2,1,2,NULL,10,99,3,2,695,2,1
1359,2,1,2,NULL,11,1,3,2,1120,99,1
1360,1,3,1,NULL,9,99,3,1,696,99,2
1361,1,4,2,NULL,5,99,3,2,1121,99,99
1362,2,1,2,NULL,5,99,3,99,1122,2,1
1363,7,2,2,NULL,9,99,3,99,697,1,1
1364,1,1,1,NULL,11,99,3,2,1123,99,1
1365,1,1,2,NULL,1,99,3,1,1124,2,1
1366,2,1,2,NULL,11,1,3,2,698,99,1
1367,1,4,1,NULL,3,99,3,1,1125,99,1
1368,1,1,1,NULL,6,99,3,1,1126,2,1
1369,1,1,1,NULL,8,99,3,99,699,99,3
1370,2,1,1,NULL,9,1,3,2,1127,99,2
1371,4,1,1,NULL,4,99,3,1,1128,99,2
1372,1,4,1,NULL,3,99,3,1,1129,99,2
1373,4,2,1,NULL,14,0,3,99,700,99,2
1374,3,1,1,NULL,4,99,3,1,1130,99,0
1375,1,4,2,NULL,5,4,3,2,1131,99,99
1376,2,1,2,NULL,14,5,3,99,1132,99,0
1377,3,1,1,NULL,11,99,3,1,1133,99,2
1378,1,4,2,NULL,9,0,3,1,1134,99,1
1379,1,4,1,NULL,5,99,3,1,1135,99,99
1380,1,4,2,NULL,10,99,3,2,1136,99,99
1381,1,4,1,NULL,9,99,3,1,1138,99,2
1382,4,2,2,NULL,10,99,3,99,1139,99,1
1383,2,1,2,NULL,12,99,3,2,1140,3,1
1384,2,1,1,NULL,12,99,3,1,1141,99,1
1385,1,4,2,NULL,4,99,3,2,1142,99,99
1386,1,4,2,NULL,5,99,3,2,1143,2,99
1387,1,3,1,NULL,7,99,3,1,701,99,2
1388,7,2,2,NULL,8,99,3,0,1144,99,1
1389,2,1,1,NULL,7,1,3,99,1145,99,1
1390,1,3,1,NULL,10,99,3,1,702,99,2
1391,1,4,2,NULL,7,99,3,1,1146,99,99
1392,1,4,2,NULL,3,0,3,2,1147,99,99
1393,1,2,1,NULL,10,99,3,1,1148,99,2
1394,1,2,2,NULL,12,99,3,2,1149,99,1
1395,2,1,1,NULL,7,1,3,2,1150,99,2
1396,2,2,2,NULL,12,99,3,1,1151,3,0
1397,2,1,2,NULL,10,99,3,99,1153,99,1
1398,2,1,2,NULL,7,99,3,99,1154,99,1
1399,1,4,2,NULL,5,99,3,2,1155,99,99
1400,2,2,2,NULL,4,99,3,2,1156,99,4
1401,4,1,2,NULL,6,99,3,99,1157,99,1
1402,1,4,1,NULL,5,99,3,1,1158,99,2
1403,2,1,2,NULL,4,99,3,2,1159,99,1
1404,2,1,1,NULL,9,99,3,99,1160,1,1
1405,2,1,2,NULL,4,0,3,99,1161,2,1
1406,1,4,2,NULL,8,99,3,2,1162,99,99
1407,3,4,2,NULL,12,99,3,2,1163,99,99
1408,2,1,2,NULL,7,0,3,99,1164,2,1
1409,1,2,1,NULL,7,99,3,99,1165,99,2
1410,1,4,1,NULL,6,99,3,1,1166,99,2
1411,1,4,1,NULL,11,99,3,1,1167,99,99
1412,1,1,2,NULL,5,4,3,99,1168,99,1
1413,1,2,2,NULL,1,99,3,99,1169,1,2
1414,2,2,1,NULL,3,1,3,2,1170,99,2
1415,1,4,2,NULL,11,99,3,6,1171,99,99
1416,1,4,2,NULL,4,99,3,0,1172,99,99
1417,2,1,2,NULL,3,99,3,4,1173,99,1
1418,1,1,1,NULL,11,99,3,99,1174,2,1
1419,2,2,2,NULL,7,99,3,99,1175,99,1
1420,3,2,2,NULL,6,99,3,99,1176,99,1
1421,1,4,1,NULL,6,99,3,1,1177,99,2
1422,2,1,1,NULL,9,99,3,2,1178,99,1
1423,2,1,2,NULL,3,5,3,99,1179,2,1
1424,1,4,2,NULL,1,99,3,2,1180,99,99
1425,1,4,1,NULL,12,99,3,2,1181,99,99
1426,4,2,2,NULL,11,99,3,99,1182,99,1
1427,2,1,2,NULL,1,99,3,6,1183,99,1
1428,1,4,1,NULL,7,99,3,1,1184,99,2
1429,1,4,1,NULL,11,2,3,1,1185,99,2
1430,1,4,1,NULL,7,99,3,2,1186,99,99
1431,4,2,2,NULL,3,99,3,99,1188,1,1
1432,1,4,2,NULL,7,99,3,2,1189,99,1
1433,2,2,2,NULL,9,99,3,1,1190,99,1
1434,2,2,1,NULL,9,1,3,2,1191,99,2
1435,1,4,1,NULL,7,2,3,0,1192,99,2
1436,1,2,1,NULL,7,99,3,99,1193,99,2
1437,3,2,2,NULL,9,1,3,2,1194,99,1
1438,2,1,2,NULL,12,99,3,99,1195,99,1
1439,2,1,2,NULL,7,99,3,99,1196,99,0
1440,1,4,2,NULL,12,99,3,2,1198,99,99
1441,1,4,2,NULL,1,99,3,2,1199,99,99
1442,1,3,2,NULL,3,99,3,2,703,99,99
1443,1,1,1,NULL,10,99,3,1,704,99,1
1444,2,1,2,NULL,4,99,3,2,705,99,1
1445,3,1,2,NULL,8,0,3,2,706,1,1
1446,4,2,1,NULL,7,1,3,2,707,99,2
1447,1,4,1,NULL,1,99,3,1,708,99,99
1448,2,3,1,NULL,14,4,3,99,709,99,2
1449,1,3,1,NULL,10,99,3,5,710,99,1
1450,1,3,1,NULL,14,0,3,0,712,99,2
1451,6,2,2,NULL,12,99,3,1,713,99,4
1452,2,1,2,NULL,5,99,3,2,714,99,2
1453,7,2,2,NULL,1,99,3,6,715,99,1
1454,1,2,2,NULL,1,99,3,99,716,99,4
1455,1,1,1,NULL,11,99,3,4,717,99,0
1456,4,4,2,NULL,9,1,3,2,718,99,99
1457,1,1,1,NULL,11,99,3,99,719,99,0
1458,2,1,2,NULL,14,5,3,99,720,99,0
1459,2,3,1,NULL,1,99,3,99,721,99,2
1460,1,3,1,NULL,11,99,3,1,722,99,2
1461,1,4,2,NULL,3,99,3,2,723,99,99
1462,4,4,2,NULL,3,1,3,99,724,99,99
1463,1,3,1,NULL,5,99,3,1,725,99,4
1464,1,3,1,NULL,10,99,3,1,726,99,2
1465,2,1,2,NULL,11,99,3,2,727,99,2
1466,1,0,1,NULL,11,99,3,2,728,99,99
1467,7,2,2,NULL,5,99,3,2,729,99,4
1468,2,2,1,NULL,3,1,3,2,730,99,1
1469,1,3,1,NULL,11,99,3,1,731,99,2
1470,1,3,1,NULL,10,0,3,1,732,99,2
1471,4,4,2,NULL,7,1,3,2,733,99,99
1472,2,1,2,NULL,1,99,3,99,734,2,1
1473,1,4,2,NULL,10,99,3,2,735,99,99
1474,1,0,2,NULL,1,99,3,2,736,99,99
1475,1,1,1,NULL,6,99,3,2,737,99,0
1476,1,2,1,NULL,14,99,3,2,738,99,1
1477,3,2,2,NULL,1,99,3,99,739,99,4
1478,1,3,2,NULL,10,2,3,2,740,99,1
1479,1,3,1,NULL,11,99,3,2,741,99,2
1480,1,4,1,NULL,7,99,3,0,742,99,99
1481,1,3,1,NULL,1,99,3,2,743,99,1
1482,1,1,2,NULL,9,1,3,2,744,99,1
1483,1,3,1,NULL,10,99,3,1,746,99,2
1484,4,1,1,NULL,14,99,3,1,747,99,2
1485,1,4,2,NULL,5,99,3,2,748,99,99
1486,2,3,1,NULL,11,1,3,99,749,99,2
1487,7,1,2,NULL,7,1,3,2,750,99,4
1488,1,3,1,NULL,10,99,3,1,751,99,2
1489,1,4,2,NULL,5,99,3,2,752,99,99
1490,2,1,1,NULL,11,99,3,99,753,99,2
1491,1,3,1,NULL,7,99,3,1,754,99,2
1492,1,4,1,NULL,12,99,3,2,755,99,99
1493,1,3,1,NULL,7,0,3,1,756,99,2
1494,1,4,2,NULL,3,99,3,2,757,99,99
1495,1,4,2,NULL,7,0,3,99,758,99,99
1496,1,3,1,NULL,14,99,3,1,759,99,2
1497,1,3,1,NULL,5,99,3,1,760,99,2
1498,2,1,2,NULL,11,99,3,99,761,99,1
1499,2,4,1,NULL,11,99,3,2,762,99,99
1500,1,3,1,NULL,7,99,3,1,763,99,2
1501,1,4,2,NULL,3,99,3,1,764,99,99
1502,2,1,2,NULL,12,99,3,2,765,0,1
1503,1,4,1,NULL,7,99,3,3,766,99,99
1504,1,4,2,NULL,4,0,3,3,767,99,99
1505,2,1,2,NULL,7,0,3,99,768,99,0
1506,1,3,1,NULL,10,99,3,5,769,99,1
1507,1,1,1,NULL,4,99,3,2,770,2,1
1508,2,3,1,NULL,9,1,3,2,771,99,2
1509,2,1,2,NULL,7,99,3,1,772,2,1
1510,1,3,1,NULL,1,0,3,1,773,99,2
1511,2,1,1,NULL,14,0,3,99,774,99,2
1512,2,1,1,NULL,12,0,3,99,775,99,2
1513,1,4,2,NULL,7,99,3,2,776,99,99
1514,3,2,2,NULL,11,99,3,99,777,99,4
1515,7,3,2,NULL,11,0,3,99,778,99,1
1516,1,1,2,NULL,14,0,3,99,779,99,1
1517,2,1,2,NULL,12,99,3,6,780,99,1
1518,1,4,1,NULL,8,99,3,2,781,99,99
1519,1,1,1,NULL,12,99,3,99,782,99,0
1520,1,3,1,NULL,5,99,3,1,783,99,2
1521,6,2,2,NULL,5,99,3,2,784,99,1
1522,2,1,2,NULL,8,99,3,2,785,0,1
1523,4,3,1,NULL,1,99,3,1,786,99,2
1524,1,0,2,NULL,10,99,3,6,787,99,1
1525,5,1,2,NULL,11,99,3,99,788,99,0
1526,1,1,1,NULL,5,99,3,2,789,2,1
1527,1,3,1,NULL,7,99,3,1,790,99,2
1528,1,3,1,NULL,12,99,3,2,791,99,2
1529,4,1,1,NULL,11,0,3,0,792,99,1
1530,1,4,2,NULL,10,99,3,2,793,99,99
1531,1,4,2,NULL,14,0,3,99,794,99,99
1532,1,4,2,NULL,1,99,3,2,795,99,99
1533,1,0,2,NULL,1,2,3,99,796,99,2
1534,1,3,1,NULL,7,99,3,1,797,99,1
1535,2,2,2,NULL,12,99,3,1,1200,99,1
1536,1,4,1,NULL,4,99,3,2,1201,99,1
1537,1,4,1,NULL,4,99,3,1,1202,99,3
1538,1,4,2,NULL,11,99,3,1,1203,0,99
1539,2,3,1,NULL,9,1,3,2,1204,99,2
1540,1,4,2,NULL,1,99,3,2,1205,99,99
1541,2,1,2,NULL,11,99,3,6,1206,99,1
1542,1,1,2,NULL,10,0,3,99,1207,99,1
1543,1,1,2,NULL,11,99,3,4,1208,99,1
1544,1,4,2,NULL,8,99,3,2,1209,99,99
1545,2,1,1,NULL,1,99,3,99,1210,99,2
1546,1,2,1,NULL,11,99,3,0,1211,1,1
1547,2,1,2,NULL,11,99,3,1,1212,99,1
1548,1,4,2,NULL,12,0,3,99,1213,99,2
1549,2,1,2,NULL,14,99,3,2,1214,3,1
1550,2,1,2,NULL,2,99,3,2,1215,99,1
1551,2,1,2,NULL,3,99,3,6,1216,99,1
1552,2,1,2,NULL,9,1,3,99,1217,99,1
1553,2,1,1,NULL,11,99,3,1,1218,99,2
1554,1,4,1,NULL,5,99,3,2,1219,99,2
1555,1,4,2,NULL,7,99,3,2,1220,99,99
1556,2,1,2,NULL,9,99,3,99,1221,99,1
1557,2,1,2,NULL,1,99,3,2,1222,99,1
1558,1,4,1,NULL,11,99,3,99,1223,99,2
1559,3,1,1,NULL,1,99,3,1,1224,99,0
1560,1,4,2,NULL,9,99,3,6,1225,99,99
1561,1,4,2,NULL,11,99,3,2,1226,99,99
1562,1,4,1,NULL,4,99,3,1,1227,99,2
1563,1,1,2,NULL,3,5,3,99,1228,99,1
1564,1,2,2,NULL,7,4,3,99,1229,99,1
1565,1,1,1,NULL,9,99,3,99,1230,3,1
1566,1,2,1,NULL,1,0,3,2,1231,99,2
1567,3,2,2,NULL,14,0,3,99,1232,99,4
1568,1,4,2,NULL,5,99,3,2,1233,99,99
1569,1,1,1,NULL,9,99,3,2,1234,2,1
1570,2,1,2,NULL,4,99,3,2,1235,99,1
1571,1,2,1,NULL,11,99,3,1,1236,99,2
1572,1,2,1,NULL,9,99,3,99,1237,1,2
1573,1,4,1,NULL,1,99,3,1,1238,99,99
1574,7,2,2,NULL,3,99,3,6,1239,99,1
1575,1,4,1,NULL,11,99,3,1,1240,99,2
1576,2,1,2,NULL,5,99,3,2,1241,0,1
1577,2,1,2,NULL,8,0,3,2,1242,99,1
1578,2,1,2,NULL,4,99,3,2,1243,2,1
1579,1,4,1,NULL,6,99,3,1,1244,99,2
1580,1,2,1,NULL,8,0,3,99,1245,99,2
1581,2,1,2,NULL,10,99,3,2,1246,0,1
1582,2,1,2,NULL,11,99,3,2,1247,99,1
1583,4,1,2,NULL,11,99,3,99,1248,99,2
1584,1,4,2,NULL,3,99,3,2,1249,99,99
1585,4,1,2,NULL,6,99,3,99,1250,99,1
1586,1,4,1,NULL,3,99,3,2,1251,99,99
1587,1,2,1,NULL,6,99,3,1,1252,99,1
1588,1,1,1,NULL,11,99,3,99,1253,2,1
1589,4,1,2,NULL,8,99,3,99,1254,99,1
1590,1,1,2,NULL,10,99,3,2,1255,99,1
1591,1,1,2,NULL,1,99,3,4,1256,99,1
1592,2,2,1,NULL,10,99,3,1,1257,99,2
1593,1,4,1,NULL,5,0,3,2,1258,99,99
1594,2,1,1,NULL,3,1,3,2,1259,99,2
1595,2,1,2,NULL,4,99,3,2,1260,0,1
1596,1,2,1,NULL,3,99,3,2,1261,99,1
1597,2,1,2,NULL,8,99,3,2,1262,3,0
1598,2,1,2,NULL,11,99,3,99,1263,3,1
1599,1,1,2,NULL,1,99,3,99,1264,1,3
1600,1,4,2,NULL,5,99,3,2,1265,99,99
1601,1,2,1,NULL,10,99,3,2,1266,99,4
1602,1,1,2,NULL,12,99,3,4,1267,99,1
1603,2,1,1,NULL,9,1,3,99,1268,99,2
1604,1,2,1,NULL,12,99,3,2,1269,99,1
1605,4,2,2,NULL,3,99,3,6,1270,99,1
1606,1,2,2,NULL,14,0,3,99,1271,99,1
1607,1,4,2,NULL,12,99,3,99,1272,99,2
1608,1,1,2,NULL,2,99,3,4,1273,99,1
1609,1,1,2,NULL,11,99,3,99,1274,99,0
1610,2,1,2,NULL,9,99,3,6,1275,99,1
1611,1,1,1,NULL,4,99,3,1,1276,99,2
1612,1,4,2,NULL,1,99,3,2,1277,99,99
1613,1,4,2,NULL,12,99,3,99,1278,99,99
1614,1,2,1,NULL,7,99,3,2,1279,99,2
1615,1,4,1,NULL,7,99,3,1,1280,99,2
1616,1,1,2,NULL,8,99,3,99,1281,1,3
1617,2,1,2,NULL,7,99,3,2,1282,0,1
1618,2,2,2,NULL,11,99,3,2,1283,99,0
1619,1,4,2,NULL,5,99,3,2,1284,99,99
1620,3,1,2,NULL,3,99,3,99,1285,1,1
1621,2,1,1,NULL,5,99,3,1,1286,99,1
1622,3,2,2,NULL,9,1,3,2,1287,99,1
1623,2,1,2,NULL,12,99,3,6,1288,99,1
1624,1,4,2,NULL,3,99,3,1,1289,99,99
1625,1,2,1,NULL,4,99,3,1,1290,99,2
1626,1,4,2,NULL,2,99,3,2,1291,99,99
1627,2,1,2,NULL,7,99,3,1,1292,2,1
1628,4,1,1,NULL,11,1,3,99,1293,99,1
1629,1,1,1,NULL,14,99,3,99,1294,3,1
1630,2,1,2,NULL,9,1,3,2,1295,99,1
1631,1,1,1,NULL,1,99,3,1,1296,99,2
1632,1,4,1,NULL,10,99,3,2,1297,99,99
1633,1,4,2,NULL,5,99,3,1,1298,99,99
1634,1,4,2,NULL,8,99,3,2,1299,99,99
1635,1,4,2,NULL,3,99,3,2,1300,99,99
1636,2,1,2,NULL,12,99,3,2,1301,99,2
1637,2,2,2,NULL,5,99,3,2,1302,99,1
1638,1,4,1,NULL,5,99,3,99,1303,99,2
1639,4,2,1,NULL,9,1,3,2,1304,99,2
1640,2,2,1,NULL,12,99,3,1,1305,99,1
1641,1,4,1,NULL,11,99,3,1,1306,99,99
1642,2,2,1,NULL,11,99,3,2,1307,99,1
1643,1,1,1,NULL,7,99,3,99,1308,3,1
1644,1,2,1,NULL,7,99,3,99,1309,99,2
1645,1,1,1,NULL,9,99,3,2,1310,99,1
1646,1,2,2,NULL,6,99,3,2,1311,1,2
1647,1,1,2,NULL,4,99,3,0,1312,99,2
1648,1,4,1,NULL,11,99,3,2,1313,99,2
1649,1,2,1,NULL,1,0,3,2,1314,99,2
1650,1,4,2,NULL,4,0,3,2,1315,99,99
1651,1,4,2,NULL,14,99,3,2,1316,99,99
1652,2,1,2,NULL,12,99,3,1,1317,2,1
1653,1,2,1,NULL,11,99,3,99,1318,1,2
1654,2,1,2,NULL,4,99,3,2,1319,99,1
1655,2,1,1,NULL,11,99,3,99,1320,99,2
1656,4,2,2,NULL,5,99,3,7,1321,99,1
1657,1,2,2,NULL,4,99,3,2,1322,99,1
1658,2,1,2,NULL,14,5,3,99,1323,99,1
1659,2,1,2,NULL,6,99,3,99,1324,99,1
1660,1,4,2,NULL,14,0,3,99,1325,99,2
1661,1,4,1,NULL,5,99,3,1,1326,99,2
1662,1,4,1,NULL,7,2,3,1,1327,99,99
1663,2,1,2,NULL,7,1,3,2,1328,99,1
1664,1,4,1,NULL,11,99,3,99,1329,99,99
1665,2,2,1,NULL,7,99,3,1,1330,99,1
1666,1,1,1,NULL,5,99,3,2,1331,99,1
1667,2,1,2,NULL,11,99,3,99,1332,99,1
1668,1,4,2,NULL,11,99,3,2,1333,99,99
1669,4,2,2,NULL,5,99,3,7,1334,99,1
1670,2,1,2,NULL,9,1,3,2,1335,99,1
1671,1,2,1,NULL,4,99,3,2,1336,99,1
1672,1,4,1,NULL,11,99,3,1,1337,99,2
1673,2,2,2,NULL,5,99,3,1,1338,99,1
1674,1,1,2,NULL,1,0,3,2,1340,99,1
1675,1,4,1,NULL,8,99,3,1,1341,99,99
1676,2,2,1,NULL,7,99,3,1,1342,99,2
1677,4,1,1,NULL,8,99,3,99,1343,99,1
1678,2,1,1,NULL,5,99,3,1,1344,2,1
1679,1,4,2,NULL,3,99,3,7,1345,0,99
1680,1,2,1,NULL,1,99,3,1,1346,99,2
1681,1,4,1,NULL,6,99,3,2,1347,2,1
1682,4,2,2,NULL,7,99,3,7,1348,99,1
1683,1,4,2,NULL,4,99,3,2,1349,99,99
1684,4,2,1,NULL,9,1,3,2,1351,99,2
1685,2,1,2,NULL,9,99,3,99,1352,99,1
1686,1,4,2,NULL,11,99,3,2,1353,99,99
1687,1,1,2,NULL,5,99,3,4,1354,99,1
1688,1,1,1,NULL,3,99,3,2,798,99,3
1689,4,3,1,NULL,10,99,3,1,799,99,2
1690,2,1,2,NULL,11,1,3,1,800,2,1
1691,3,1,1,NULL,7,4,3,1,801,99,0
1692,5,2,2,NULL,7,99,3,2,802,99,1
1693,1,3,1,NULL,11,99,3,2,803,99,1
1694,1,3,2,NULL,8,99,3,0,804,99,1
1695,2,1,1,NULL,11,99,3,1,805,2,1
1696,1,2,1,NULL,9,99,3,1,806,99,4
1697,1,3,1,NULL,11,1,3,1,807,99,2
1698,4,1,1,NULL,6,1,3,99,808,99,1
1699,1,1,1,NULL,3,99,3,1,809,99,0
1700,2,1,2,NULL,11,99,3,2,810,99,1
1701,2,1,2,NULL,6,99,3,99,811,99,0
1702,5,2,2,NULL,7,99,3,99,812,99,1
1703,1,3,1,NULL,1,0,3,0,813,99,1
1704,2,1,2,NULL,1,99,3,2,814,99,0
1705,2,1,2,NULL,11,99,3,2,815,99,1
1706,1,3,1,NULL,1,99,3,1,816,99,2
1707,1,1,2,NULL,5,99,3,2,817,2,1
1708,2,3,1,NULL,7,1,3,2,818,99,2
1709,1,4,2,NULL,7,99,3,7,1355,99,99
1710,2,1,2,NULL,5,99,3,99,1356,99,1
1711,1,1,1,NULL,11,99,3,2,1357,99,2
1712,1,4,1,NULL,12,0,3,99,1358,99,2
1713,1,1,1,NULL,3,99,3,1,1359,99,1
1714,1,1,2,NULL,14,0,3,99,1360,1,3
1715,1,1,1,NULL,11,99,3,2,1361,99,1
1716,1,2,1,NULL,7,99,3,2,1362,2,1
1717,1,2,1,NULL,6,99,3,2,1363,99,1
1718,1,4,2,NULL,4,99,3,2,819,99,1
1719,2,2,1,NULL,6,99,3,1,1364,99,2
1720,1,4,2,NULL,7,99,3,2,1365,99,99
1721,1,4,2,NULL,6,99,3,2,1366,99,99
1722,4,2,2,NULL,11,1,3,99,1367,99,1
1723,1,1,2,NULL,14,99,3,2,1368,99,1
1724,1,1,2,NULL,1,99,3,99,1369,2,1
1725,1,4,2,NULL,7,0,3,2,1370,99,99
1726,2,1,1,NULL,11,2,3,1,1371,99,2
1727,1,4,1,NULL,11,99,3,2,1372,99,1
1728,3,1,2,NULL,11,99,3,2,1373,1,1
1729,1,1,1,NULL,14,0,3,1,1374,99,2
1730,1,1,1,NULL,6,99,3,1,1375,99,2
1731,4,2,2,NULL,4,1,3,99,1376,99,1
1732,2,1,2,NULL,11,99,3,99,1378,99,1
1733,1,1,1,NULL,1,99,3,99,1379,2,1
1734,1,4,2,NULL,4,99,3,2,1380,0,99
1735,2,1,1,NULL,11,1,3,2,1381,99,2
1736,7,2,2,NULL,9,99,3,6,1382,99,1
1737,4,2,1,NULL,14,4,3,1,1383,99,2
1738,1,4,2,NULL,11,99,3,2,820,99,99
1739,1,4,2,NULL,11,99,3,1,1384,99,99
1740,5,2,2,NULL,9,99,3,2,821,99,1
1741,2,1,2,NULL,12,99,3,2,1385,99,1
1742,1,3,1,NULL,10,99,3,1,822,99,2
1743,2,1,2,NULL,7,99,3,1,1386,2,1
1744,1,1,1,NULL,1,99,3,2,823,99,3
1745,1,1,1,NULL,8,99,3,1,1387,99,2
1746,2,1,1,NULL,8,99,3,1,824,99,2
1747,1,4,2,NULL,1,0,3,1,1388,99,99
1748,1,1,2,NULL,4,0,3,0,825,99,0
1749,1,2,1,NULL,11,99,3,2,1389,1,1
1750,1,3,1,NULL,4,99,3,1,826,99,1
1751,1,1,2,NULL,8,99,3,2,1390,2,1
1752,2,1,2,NULL,7,99,3,2,1391,99,1
1753,7,2,2,NULL,5,0,3,99,1392,99,1
1754,1,4,1,NULL,11,99,3,2,1393,99,99
1755,2,1,2,NULL,12,99,3,2,1394,2,1
1756,2,1,2,NULL,9,99,3,99,1395,99,1
1757,1,4,1,NULL,3,99,3,2,1396,99,99
1758,2,1,2,NULL,11,99,3,6,1397,99,1
1759,2,2,1,NULL,9,1,3,2,1398,99,2
1760,1,4,2,NULL,5,99,3,2,827,99,99
1761,2,1,2,NULL,5,99,3,2,1399,3,1
1762,4,2,2,NULL,4,99,3,99,828,99,1
1763,2,1,2,NULL,5,99,3,2,1400,99,1
1764,1,4,2,NULL,7,99,3,7,829,0,99
1765,1,4,1,NULL,3,99,3,99,1401,1,2
1766,1,4,2,NULL,3,99,3,2,830,99,99
1767,2,2,1,NULL,5,99,3,1,1402,99,1
1768,1,4,2,NULL,11,99,3,2,1403,99,99
1769,1,4,1,NULL,12,0,3,99,831,99,99
1770,1,4,2,NULL,7,99,3,2,1404,99,99
1771,2,1,1,NULL,11,99,3,2,832,3,1
1772,2,1,2,NULL,3,99,3,6,833,99,0
1773,2,1,1,NULL,5,99,3,1,1405,99,2
1774,1,1,2,NULL,7,4,3,99,1406,99,1
1775,2,1,2,NULL,9,99,3,2,1407,99,2
1776,1,4,2,NULL,5,99,3,2,1408,99,99
1777,4,2,2,NULL,14,4,3,99,1409,99,1
1778,2,4,1,NULL,11,99,3,1,1410,99,1
1779,1,1,2,NULL,8,99,3,2,1411,99,1
1780,4,2,2,NULL,9,99,3,2,1412,1,1
1781,2,1,1,NULL,5,99,3,1,1413,99,2
1782,2,1,1,NULL,4,99,3,1,1414,99,1
1783,1,4,2,NULL,8,99,3,7,1415,99,99
1784,2,2,1,NULL,14,0,3,2,1416,99,2
1785,1,4,2,NULL,11,1,3,2,1417,99,99
1786,1,2,1,NULL,9,0,3,1,1418,99,2
1787,2,1,2,NULL,3,99,3,2,1419,3,1
1788,1,4,2,NULL,7,99,3,1,1420,99,99
1789,7,1,2,NULL,11,99,3,6,1421,99,1
1790,1,4,1,NULL,7,99,3,1,1422,99,2
1791,4,2,2,NULL,5,99,3,2,1423,1,1
1792,1,4,1,NULL,9,99,3,2,1424,1,1
1793,1,4,1,NULL,8,99,3,1,1425,99,99
1794,1,2,2,NULL,7,99,3,2,1426,99,1
1795,1,1,1,NULL,7,99,3,1,1427,99,2
1796,2,1,2,NULL,9,1,3,2,1428,99,1
1797,7,2,2,NULL,11,99,3,99,1429,99,1
1798,2,1,2,NULL,8,99,3,2,1430,99,1
1799,1,1,2,NULL,7,99,3,99,1431,2,1
1800,1,4,2,NULL,14,99,3,0,1432,99,1
1801,2,1,2,NULL,6,99,3,8,1433,99,1
1802,1,4,1,NULL,4,99,3,1,1434,99,2
1803,1,2,1,NULL,1,99,3,2,1435,3,1
1804,1,4,2,NULL,7,99,3,2,1436,99,99
1805,1,1,2,NULL,10,99,3,0,1437,99,2
1806,1,1,1,NULL,12,99,3,2,1438,99,1
1807,1,4,1,NULL,3,99,3,1,1439,99,2
1808,2,1,2,NULL,5,99,3,2,1440,3,1
1809,4,2,2,NULL,9,99,3,2,1441,99,2
1810,2,1,2,NULL,11,1,3,2,1442,99,1
1811,4,1,2,NULL,8,99,3,99,1443,99,1
1812,1,4,2,NULL,7,99,3,2,1444,99,99
1813,1,1,1,NULL,11,99,3,2,1446,99,1
1814,1,4,2,NULL,7,99,3,2,1447,99,99
1815,2,1,2,NULL,6,99,3,1,1448,2,1
1816,2,1,2,NULL,11,99,3,2,1449,3,1
1817,1,1,2,NULL,9,5,3,99,1450,99,1
1818,1,4,1,NULL,3,0,3,1,1451,99,2
1819,1,4,1,NULL,11,99,3,2,1452,99,2
1820,1,2,1,NULL,3,0,3,2,1453,99,2
1821,2,1,2,NULL,7,99,3,2,1454,99,1
1822,1,2,1,NULL,9,0,3,1,1455,99,2
1823,1,2,2,NULL,8,99,3,99,1456,99,1
1824,1,1,1,NULL,8,99,3,4,1457,99,1
1825,2,1,1,NULL,6,99,3,1,1458,99,1
1826,2,1,2,NULL,3,99,3,2,1459,3,1
1827,4,1,1,NULL,7,4,3,1,1460,99,2
1828,2,2,1,NULL,1,2,3,1,1461,99,2
1829,2,2,2,NULL,6,99,3,2,1462,99,1
1830,2,1,2,NULL,3,99,3,99,1464,99,1
1831,1,3,1,NULL,7,0,3,2,834,99,2
1832,1,4,2,NULL,4,99,3,2,835,99,99
1833,2,1,2,NULL,3,99,3,2,836,99,1
1834,1,3,1,NULL,11,0,3,1,837,99,2
1835,7,3,2,NULL,11,0,3,2,838,99,1
1836,1,3,1,NULL,5,99,3,2,839,99,1
1837,1,0,2,NULL,1,99,3,6,840,99,1
1838,1,1,2,NULL,14,0,3,0,841,99,0
1839,1,3,2,NULL,7,2,3,2,842,99,1
1840,1,4,1,NULL,6,99,3,1,843,99,2
1841,2,1,2,NULL,3,99,3,0,844,99,1
1842,1,4,2,NULL,5,0,3,2,846,99,99
1843,1,3,2,NULL,11,2,3,99,847,99,2
1844,1,3,1,NULL,4,99,3,1,848,99,1
1845,2,1,1,NULL,12,99,3,1,849,99,2
1846,2,1,2,NULL,7,99,3,2,850,99,2
1847,1,4,1,NULL,3,0,3,2,852,99,99
1848,1,3,1,NULL,5,99,3,1,853,99,2
1849,1,3,1,NULL,11,99,3,2,854,99,1
1850,2,1,2,NULL,4,99,3,2,855,2,1
1851,1,1,1,NULL,5,99,3,99,856,99,1
1852,2,1,2,NULL,14,99,3,2,857,0,3
1853,7,3,2,NULL,12,0,3,2,858,99,1
1854,1,3,1,NULL,7,99,3,0,859,99,2
1855,1,3,1,NULL,14,0,3,0,860,99,1
1856,1,3,2,NULL,12,99,3,99,861,99,4
1857,4,1,1,NULL,1,99,3,1,862,99,2
1858,4,2,1,NULL,7,1,3,2,863,99,2
1859,2,1,2,NULL,5,99,3,2,864,99,1
1860,2,3,1,NULL,11,99,3,1,865,99,1
1861,1,1,2,NULL,11,99,3,99,866,2,1
1862,1,1,1,NULL,1,99,3,1,867,99,2
1863,1,3,2,NULL,5,99,3,2,868,99,1
1864,2,1,2,NULL,1,99,3,2,869,2,1
1865,1,3,2,NULL,1,2,3,2,870,99,1
1866,1,3,1,NULL,3,99,3,1,871,99,1
1867,2,1,2,NULL,5,99,3,2,872,2,1
1868,2,1,2,NULL,5,99,3,2,873,0,1
1869,7,1,2,NULL,1,99,3,2,874,99,3
1870,1,4,1,NULL,5,99,3,2,875,99,99
1871,4,2,2,NULL,11,99,3,2,876,99,1
1872,2,3,1,NULL,12,99,3,1,877,99,2
1873,6,2,2,NULL,10,99,3,1,878,99,1
1874,2,1,2,NULL,5,99,3,2,879,99,1
1875,1,4,1,NULL,7,99,3,2,880,99,99
1876,1,3,2,NULL,7,99,3,8,881,99,1
1877,1,4,1,NULL,11,99,3,99,882,99,99
1878,1,4,2,NULL,3,99,3,6,883,99,1
1879,2,1,2,NULL,7,99,3,2,884,0,1
1880,7,1,2,NULL,9,99,3,2,885,99,4
1881,2,1,2,NULL,10,99,3,2,886,99,2
1882,4,2,1,NULL,7,99,3,1,887,99,2
1883,1,4,2,NULL,12,99,3,7,888,0,99
1884,2,2,2,NULL,11,99,3,1,1465,99,1
1885,1,1,1,NULL,3,99,3,99,1466,99,2
1886,2,1,2,NULL,5,99,3,2,1467,2,1
1887,1,2,2,NULL,5,99,3,3,1476,99,1
1888,1,2,2,NULL,7,99,3,3,1477,99,1
1889,1,4,2,NULL,5,99,3,7,1478,99,1
1890,4,2,1,NULL,1,0,3,99,1479,99,1
1891,1,3,1,NULL,8,99,3,1,1480,99,1
1892,1,2,2,NULL,14,5,3,2,1481,99,1
1893,1,2,2,NULL,11,99,3,2,1483,3,1
1894,2,1,2,NULL,11,0,3,2,1484,2,1
1895,1,2,2,NULL,5,99,3,2,1485,99,4
1896,1,2,1,NULL,9,99,3,1,1486,99,1
1897,2,1,2,NULL,11,99,3,99,1487,99,1
1898,1,4,2,NULL,8,99,3,2,1488,2,99
1899,1,2,2,NULL,1,99,3,2,1489,1,1
1900,2,1,2,NULL,7,99,3,2,1491,1,1
1901,2,2,2,NULL,11,99,3,99,1492,99,1
1902,1,4,1,NULL,14,4,3,99,1493,99,99
1903,1,2,2,NULL,11,99,3,3,1494,99,1
1904,1,1,2,NULL,11,99,3,2,1495,1,1
1905,1,2,2,NULL,12,99,3,7,1496,99,1
1906,2,1,2,NULL,5,99,3,3,1497,99,1
1907,1,2,1,NULL,8,99,3,2,1498,99,1
1908,1,4,1,NULL,11,1,3,2,1499,99,1
1909,2,1,2,NULL,11,4,3,99,1500,99,0
1910,1,1,1,NULL,8,99,3,2,1501,2,1
1911,2,2,2,NULL,8,99,3,2,1502,0,1
1912,1,1,2,NULL,4,0,3,99,1503,99,1
1913,1,2,1,NULL,3,99,3,1,1504,99,1
1914,1,4,2,NULL,9,0,3,99,1505,99,99
1915,1,2,2,NULL,12,99,3,3,1506,99,4
1916,1,2,2,NULL,10,99,3,99,1507,99,1
1917,1,2,1,NULL,8,2,3,1,1508,99,2
1918,1,3,2,NULL,5,99,3,3,1509,99,1
1919,1,2,2,NULL,10,99,3,3,1510,99,1
1920,1,2,2,NULL,2,99,3,99,1511,99,1
1921,2,1,2,NULL,14,0,3,6,1512,99,1
1922,1,1,1,NULL,7,99,3,99,1513,99,1
1923,1,3,2,NULL,5,99,3,1,1515,99,2
1924,1,2,2,NULL,10,99,3,3,1516,99,1
1925,1,1,2,NULL,11,99,3,3,1517,99,1
1926,1,2,2,NULL,10,99,3,3,1518,99,1
1927,1,1,2,NULL,8,99,3,3,1519,99,1
1928,1,1,2,NULL,14,4,3,2,1520,99,1
1929,1,1,2,NULL,8,99,3,99,1522,99,1
1930,1,1,2,NULL,14,4,3,99,1523,99,1
1931,1,1,2,NULL,11,99,3,7,1524,99,1
1932,1,3,1,NULL,4,99,3,2,1526,99,1
1933,1,1,2,NULL,7,99,3,99,1527,99,1
1934,1,2,1,NULL,8,0,3,2,1528,1,1
1935,1,1,2,NULL,14,0,3,3,1529,99,1
1936,1,2,2,NULL,11,99,3,3,1530,99,1
1937,1,1,2,NULL,14,4,3,99,1531,99,1
1938,5,2,2,NULL,9,99,3,99,1532,1,1
1939,1,2,2,NULL,5,99,3,3,1533,99,1
1940,1,4,2,NULL,14,0,3,99,1534,99,99
1941,1,1,2,NULL,14,0,3,1,1535,99,1
1942,1,2,1,NULL,11,99,3,2,1536,99,1
1943,1,1,2,NULL,10,99,3,3,1537,99,1
1944,2,1,2,NULL,9,99,3,2,1538,1,1
1945,2,1,2,NULL,14,0,3,99,1539,99,1
1946,2,1,2,NULL,11,99,3,1,1540,99,1
1947,4,2,1,NULL,8,99,3,99,1541,99,1
1948,1,2,1,NULL,6,99,3,1,1542,99,1
1949,1,4,1,NULL,7,99,3,1,1543,99,99
1950,1,3,2,NULL,3,0,3,6,1544,99,2
1951,1,4,2,NULL,10,99,3,3,1545,99,99
1952,2,1,2,NULL,10,99,3,3,1546,99,1
1953,2,2,2,NULL,5,99,3,7,1548,99,1
1954,7,2,2,NULL,11,0,3,99,1549,99,1
1955,1,4,2,NULL,8,99,3,2,1550,1,99
1956,3,4,2,NULL,8,0,3,2,1551,99,99
1957,1,2,2,NULL,11,99,3,3,1552,99,1
1958,1,4,2,NULL,14,99,3,99,1554,99,99
1959,3,3,2,NULL,4,99,3,1,1555,99,1
1960,1,1,2,NULL,10,99,3,3,1556,99,1
1961,2,1,2,NULL,9,99,3,3,1557,99,1
1962,1,4,2,NULL,14,0,3,99,1558,99,99
1963,1,3,1,NULL,9,99,3,99,1559,99,1
1964,1,1,2,NULL,11,99,3,99,1560,99,1
1965,1,4,1,NULL,12,99,3,1,1561,99,99
1966,2,1,1,NULL,3,99,3,2,1562,99,1
1967,2,1,1,NULL,14,99,3,2,1563,99,1
1968,1,1,2,NULL,7,99,3,3,1564,99,1
1969,2,2,2,NULL,4,99,3,2,1566,99,1
1970,2,1,2,NULL,11,99,3,2,1567,99,1
1971,1,4,2,NULL,11,1,3,99,1568,99,99
1972,1,2,2,NULL,5,99,3,6,1569,0,1
1973,1,2,1,NULL,6,99,3,99,1570,99,1
1974,1,2,2,NULL,14,0,3,99,1571,99,1
1975,1,2,1,NULL,9,99,3,99,1572,99,1
1976,1,2,2,NULL,7,99,3,3,1573,99,1
1977,1,2,2,NULL,10,99,3,3,1574,99,1
1978,1,1,2,NULL,10,99,3,3,1575,99,1
1979,2,1,2,NULL,5,99,3,2,1576,99,1
1980,2,1,2,NULL,9,99,3,1,1577,99,1
1981,1,4,1,NULL,5,99,3,1,1578,99,99
1982,1,2,2,NULL,11,99,3,2,1579,99,1
1983,1,2,2,NULL,11,99,3,3,1580,99,1
1984,4,2,1,NULL,11,99,3,99,1581,99,1
1985,2,1,1,NULL,11,99,3,4,1582,99,1
1986,1,1,2,NULL,10,99,3,2,1583,99,1
1987,1,2,2,NULL,7,99,3,2,1584,99,1
1988,1,4,2,NULL,4,99,3,2,1585,99,99
1989,2,2,2,NULL,14,4,3,99,1587,1,1
1990,1,2,1,NULL,7,99,3,99,1588,99,2
1991,0,1,2,NULL,14,3,3,99,1589,99,1
1992,1,2,2,NULL,5,99,3,3,1590,99,1
1993,1,2,2,NULL,9,99,3,6,1591,0,1
1994,4,2,1,NULL,4,99,3,99,1592,1,1
1995,1,1,2,NULL,14,5,3,2,1593,99,1
1996,4,2,2,NULL,11,99,3,2,1594,99,1
1997,1,1,1,NULL,1,99,3,1,1595,99,1
1998,1,4,2,NULL,5,99,3,2,1596,99,1
1999,1,2,2,NULL,11,99,3,2,1597,99,1
2000,1,2,2,NULL,14,4,3,2,1598,99,1
2001,1,4,2,NULL,8,99,3,1,1599,99,1
2002,2,2,2,NULL,3,99,3,1,1600,99,1
2003,1,1,2,NULL,7,99,3,1,1601,99,1
2004,1,4,1,NULL,4,99,3,99,1602,99,99
2005,4,2,1,NULL,9,99,3,6,1603,99,1
2006,2,1,2,NULL,5,99,3,1,1604,99,1
2007,1,3,1,NULL,11,99,3,1,1605,99,2
2008,1,2,2,NULL,4,99,3,2,1606,0,1
2009,1,2,2,NULL,10,99,3,99,1607,99,1
2010,4,1,2,NULL,11,99,3,7,1608,99,1
2011,1,2,2,NULL,11,2,3,99,1609,99,1
2012,1,2,1,NULL,9,99,3,1,1610,99,1
2013,1,1,2,NULL,11,99,3,1,1611,99,1
2014,1,4,1,NULL,7,99,3,3,1612,99,99
2015,1,4,1,NULL,3,99,3,1,1613,99,99
2016,1,4,2,NULL,14,4,3,99,1614,99,99
2017,1,2,2,NULL,4,99,3,99,1615,99,1
2018,1,1,1,NULL,8,99,3,1,1616,99,1
2019,1,2,1,NULL,8,99,3,1,1617,99,1
2020,1,2,2,NULL,10,99,3,3,1618,99,1
2021,7,1,2,NULL,5,99,3,99,1619,99,1
2022,2,1,2,NULL,11,99,3,3,1620,99,1
2023,2,1,2,NULL,12,99,3,99,1621,0,1
2024,2,1,2,NULL,1,99,3,6,1622,99,1
2025,1,2,2,NULL,11,99,3,3,1623,1,1
2026,1,2,2,NULL,11,99,3,3,1624,99,1
2027,2,2,1,NULL,9,99,3,99,1625,99,1
2028,1,4,2,NULL,11,99,3,6,1626,99,1
2029,1,1,2,NULL,8,99,3,3,1627,99,1
2030,1,1,2,NULL,4,99,3,1,1628,0,1
2031,2,2,2,NULL,1,99,3,99,1629,0,1
2032,2,1,1,NULL,11,99,3,2,1630,99,1
2033,2,1,1,NULL,8,99,3,99,1631,99,1
2034,1,1,1,NULL,14,99,3,1,1632,99,1
2035,1,4,1,NULL,2,99,3,99,1633,99,1
2036,1,1,2,NULL,14,0,3,99,1634,99,1
2037,1,2,2,NULL,10,99,3,99,1635,99,1
2038,4,3,1,NULL,9,99,3,99,1636,1,1
2039,1,1,2,NULL,3,99,3,3,1637,99,1
2040,1,4,1,NULL,10,99,3,2,1638,99,1
2041,2,1,2,NULL,10,1,3,6,1639,99,1
2042,2,1,2,NULL,11,99,3,1,1640,99,1
2043,1,2,1,NULL,4,99,3,99,1641,99,1
2044,1,2,2,NULL,10,99,3,2,1642,99,1
2045,7,2,2,NULL,7,0,3,99,1643,99,1
2046,1,2,1,NULL,11,99,3,1,1644,99,1
2047,1,2,2,NULL,8,99,3,3,1645,99,1
2048,1,3,1,NULL,9,99,3,2,1646,99,1
2049,1,4,1,NULL,10,99,3,99,1647,99,99
2050,0,2,2,NULL,11,99,3,3,1648,99,1
2051,1,2,1,NULL,1,99,3,2,1649,99,1
2052,1,4,2,NULL,5,99,3,3,1650,99,99
2053,1,3,2,NULL,6,99,3,1,1651,99,2
2054,2,4,2,NULL,9,1,3,99,1652,99,99
2055,1,2,2,NULL,12,99,3,99,1653,99,1
2056,1,2,1,NULL,9,99,3,1,1654,99,1
2057,1,1,1,NULL,7,99,3,1,1655,99,2
2058,1,4,1,NULL,4,99,3,99,1656,99,99
2059,1,2,2,NULL,8,99,3,2,1657,0,1
2060,1,1,2,NULL,6,99,3,1,1660,99,1
2061,3,1,2,NULL,8,0,3,99,1661,99,1
2062,2,1,2,NULL,4,0,3,7,1662,1,1
2063,1,2,2,NULL,5,99,3,7,1663,99,1
2064,1,2,2,NULL,11,99,3,3,1664,99,1
2065,4,4,2,NULL,11,99,3,2,1665,99,99
2066,1,1,2,NULL,7,0,3,99,1666,0,1
2067,1,2,2,NULL,4,99,3,99,1667,99,1
2068,2,1,2,NULL,14,0,3,99,1669,99,1
2069,1,2,1,NULL,11,99,3,1,1670,1,1
2070,1,4,1,NULL,11,99,3,99,1671,99,1
2071,2,1,2,NULL,11,99,3,7,1672,99,1
2072,1,2,2,NULL,4,99,3,4,1673,99,1
2073,1,2,2,NULL,5,99,3,3,1674,99,1
2074,3,2,2,NULL,6,99,3,7,1675,99,1
2075,1,3,2,NULL,9,99,3,99,1676,99,1
2076,1,2,2,NULL,14,0,3,99,1677,99,1
2077,1,2,2,NULL,14,0,3,99,1678,99,1
2078,1,2,1,NULL,1,99,3,99,1679,0,1
2079,1,1,1,NULL,11,99,3,1,1681,99,1
2080,1,4,2,NULL,11,99,3,3,1782,99,99
2081,1,2,2,NULL,10,99,3,3,1783,99,1
2082,1,2,2,NULL,9,99,3,99,1784,99,1
2083,1,1,2,NULL,9,99,3,7,1786,99,1
2084,4,4,1,NULL,4,99,3,2,1787,99,99
2085,2,1,2,NULL,7,99,3,4,889,99,1
2086,2,1,1,NULL,4,99,3,1,890,2,1
2087,1,3,1,NULL,4,0,3,1,891,99,2
2088,5,1,2,NULL,5,99,3,99,892,99,1
2089,1,3,1,NULL,12,99,3,1,893,99,2
2090,1,1,1,NULL,11,99,3,1,894,99,1
2091,1,3,1,NULL,7,99,3,1,895,99,1
2092,1,3,1,NULL,11,99,3,1,896,99,2
2093,1,4,2,NULL,11,99,3,2,897,99,99
2094,1,4,1,NULL,3,99,3,1,898,99,99
2095,1,1,1,NULL,10,99,3,2,899,2,1
2096,1,0,2,NULL,11,99,3,6,900,99,0
2097,2,1,2,NULL,6,99,3,2,901,99,1
2098,1,4,1,NULL,5,0,3,2,902,99,99
2099,1,4,1,NULL,9,99,3,2,903,99,99
2100,1,3,1,NULL,11,1,3,1,904,99,2
2101,7,1,1,NULL,4,99,3,1,905,99,1
2102,1,4,2,NULL,1,99,3,1,906,99,99
2103,2,4,1,NULL,7,99,3,0,907,99,99
2104,1,4,1,NULL,14,0,3,99,908,99,99
2105,5,2,2,NULL,11,99,3,99,909,99,1
2106,1,2,2,NULL,3,0,3,99,910,0,1
2107,1,3,1,NULL,7,0,3,5,911,99,1
2108,2,1,2,NULL,10,99,3,99,912,99,0
2109,2,1,2,NULL,1,99,3,2,913,2,1
2110,1,3,1,NULL,14,0,3,1,914,99,2
2111,1,1,1,NULL,11,99,3,0,915,99,1
2112,2,2,2,NULL,11,99,3,1,916,0,1
2113,1,3,1,NULL,6,0,3,5,917,99,2
2114,1,0,1,NULL,7,99,3,1,918,99,4
2115,7,1,2,NULL,11,1,3,2,919,99,4
2116,1,4,2,NULL,6,99,3,2,920,99,99
2117,1,4,2,NULL,1,99,3,2,921,99,99
2118,1,1,1,NULL,1,99,3,0,922,99,0
2119,2,1,2,NULL,3,99,3,2,923,3,1
2120,5,1,2,NULL,3,99,3,99,924,99,0
2121,1,4,2,NULL,1,0,3,2,925,99,99
2122,1,4,1,NULL,7,0,3,99,926,99,99
2123,2,2,1,NULL,11,1,3,99,927,99,1
2124,1,3,1,NULL,11,99,3,1,928,99,2
2125,1,3,1,NULL,1,0,3,5,929,99,1
2126,1,3,1,NULL,12,99,3,1,930,2,4
2127,1,1,2,NULL,11,99,3,4,931,99,1
2128,4,2,2,NULL,9,1,3,2,933,99,2
2129,1,2,1,NULL,5,99,3,2,934,99,0
2130,1,1,1,NULL,7,99,3,99,935,2,1
2131,1,1,1,NULL,14,99,3,2,936,2,1
2132,1,3,1,NULL,10,99,3,1,937,99,2
2133,1,3,1,NULL,11,99,3,1,938,99,1
2134,1,2,1,NULL,1,99,3,2,939,99,4
2135,2,3,1,NULL,4,99,3,1,940,99,1
2136,1,4,1,NULL,1,99,3,0,941,99,99
2137,1,4,2,NULL,8,0,3,99,942,99,2
2138,1,3,2,NULL,12,0,3,8,943,1,1
2139,1,4,1,NULL,7,0,3,2,944,99,99
2140,1,3,1,NULL,12,99,3,2,945,99,2
2141,1,4,2,NULL,11,99,3,2,946,99,99
2142,1,4,1,NULL,10,99,3,99,947,99,2
2143,7,1,2,NULL,11,99,3,99,948,99,1
2144,1,2,1,NULL,11,1,3,2,949,99,4
2145,3,1,2,NULL,9,99,3,2,950,1,0
2146,4,2,2,NULL,9,1,3,99,951,99,2
2147,2,1,1,NULL,10,99,3,6,952,99,1
2148,2,1,1,NULL,3,1,3,99,953,99,1
2149,2,1,2,NULL,10,99,3,1,954,2,1
2150,1,4,1,NULL,3,99,3,1,955,99,2
2151,1,1,2,NULL,12,0,3,99,956,0,0
2152,4,1,1,NULL,14,4,3,1,957,99,0
2153,1,2,1,NULL,4,99,3,0,958,99,0
2154,1,3,1,NULL,11,99,3,1,959,99,2
2155,1,2,1,NULL,11,0,3,1,960,99,2
2156,2,1,2,NULL,1,99,3,2,961,99,2
2157,1,4,2,NULL,14,0,3,99,1788,99,99
2158,2,2,2,NULL,9,99,3,4,1789,99,1
2159,1,4,2,NULL,11,99,3,99,962,99,99
2160,1,4,2,NULL,11,99,3,7,963,0,99
2161,1,2,2,NULL,10,99,3,3,1790,99,1
2162,1,4,2,NULL,11,99,3,3,1791,0,1
2163,7,1,2,NULL,9,99,3,6,964,99,1
2164,1,1,2,NULL,9,99,3,99,1792,99,1
2165,2,1,2,NULL,3,99,3,1,965,2,1
2166,1,4,1,NULL,11,99,3,99,1793,99,99
2167,4,1,1,NULL,11,99,3,1,966,0,0
2168,1,2,2,NULL,7,99,3,7,1794,99,1
2169,4,2,2,NULL,9,99,3,6,1795,99,1
2170,1,1,2,NULL,5,99,3,1,967,2,1
2171,1,2,2,NULL,5,99,3,3,1796,99,1
2172,4,1,1,NULL,4,1,3,99,968,99,1
2173,7,2,2,NULL,14,99,3,99,1797,99,1
2174,1,1,2,NULL,2,0,3,99,969,99,1
2175,1,1,2,NULL,12,99,3,2,1798,99,1
2176,1,3,1,NULL,3,0,3,2,970,99,2
2177,1,1,1,NULL,7,99,3,1,1799,1,1
2178,1,4,2,NULL,11,99,3,7,1800,99,99
2179,1,3,1,NULL,6,1,3,1,971,99,1
2180,2,1,1,NULL,4,99,3,1,1801,99,1
2181,7,1,2,NULL,4,1,3,2,973,99,4
2182,1,2,2,NULL,4,99,3,3,1802,99,1
2183,1,3,1,NULL,4,1,3,1,974,99,1
2184,7,2,2,NULL,11,99,3,3,1803,99,1
2185,2,1,1,NULL,1,99,3,1,975,99,1
2186,1,1,2,NULL,14,0,3,99,1804,99,1
2187,1,4,2,NULL,9,99,3,2,1805,99,99
2188,1,3,1,NULL,11,99,3,0,976,99,1
2189,5,2,2,NULL,14,1,3,99,977,99,1
2190,1,4,2,NULL,14,99,3,3,978,99,4
2191,1,3,1,NULL,8,2,3,99,979,99,2
2192,2,1,2,NULL,3,0,3,99,980,99,0
2193,1,3,1,NULL,11,0,3,2,981,99,2
2194,4,1,1,NULL,10,99,3,99,982,99,1
2195,1,4,1,NULL,10,0,3,99,983,99,99
2196,1,4,1,NULL,1,99,3,7,984,99,99
2197,2,1,2,NULL,5,99,3,2,985,2,1
2198,1,1,1,NULL,11,99,3,2,986,2,1
2199,1,3,1,NULL,14,99,3,1,987,99,2
2200,2,2,1,NULL,6,99,3,2,990,99,0
2201,2,1,2,NULL,1,99,3,2,991,3,1
2202,1,3,1,NULL,11,1,3,1,992,99,1
2203,1,3,1,NULL,10,1,3,1,993,99,1
2204,2,1,2,NULL,6,1,3,2,994,99,1
2205,1,3,1,NULL,7,2,3,1,995,99,2
2206,7,1,2,NULL,4,1,3,0,996,99,4
2207,1,3,1,NULL,5,99,3,5,997,99,1
2208,2,1,1,NULL,10,99,3,2,998,99,2
2209,1,1,1,NULL,4,99,3,99,999,99,2
2210,1,3,1,NULL,10,99,3,1,1000,99,1
2211,1,4,1,NULL,1,0,3,99,1001,99,99
2212,7,1,2,NULL,1,99,3,6,1002,99,1
2213,1,4,2,NULL,4,99,3,2,1003,99,99
2214,1,3,1,NULL,14,0,3,1,1004,99,1
2215,1,4,2,NULL,14,0,3,99,1806,99,99
2216,1,2,2,NULL,4,3,3,99,1807,99,1
2217,1,1,2,NULL,11,2,3,99,1808,1,1
2218,1,1,2,NULL,10,99,3,3,1809,99,1
2219,1,2,2,NULL,10,99,3,3,1810,99,1
2220,1,3,1,NULL,1,99,3,1,1811,99,1
2221,1,2,2,NULL,12,99,3,7,1812,99,1
2222,1,4,2,NULL,14,99,3,99,1813,99,99
2223,2,1,2,NULL,11,99,3,99,1814,99,1
2224,1,1,2,NULL,12,99,3,99,1815,99,1
2225,1,1,1,NULL,8,99,3,1,1816,99,1
2226,2,2,2,NULL,14,4,3,99,1817,0,1
2227,1,4,2,NULL,11,99,3,2,1818,99,99
2228,1,4,2,NULL,12,99,3,99,1819,99,99
2229,1,1,1,NULL,11,99,3,1,1820,99,1
2230,1,2,2,NULL,11,3,3,99,1821,99,1
2231,2,1,2,NULL,6,99,3,2,1822,1,1
2232,1,2,1,NULL,9,99,3,1,1823,99,1
2233,1,2,2,NULL,8,0,3,1,1824,99,4
2234,1,2,2,NULL,7,99,3,1,1825,0,1
2235,1,2,2,NULL,10,99,3,3,1826,99,1
2236,1,4,1,NULL,5,0,3,99,1827,99,1
2237,2,1,2,NULL,5,99,3,2,1828,1,1
2238,1,4,1,NULL,9,99,3,99,1829,99,99
2239,1,2,2,NULL,14,0,3,99,1830,99,1
2240,1,4,1,NULL,11,99,3,99,1831,99,99
2241,1,2,1,NULL,7,99,3,2,1832,99,1
2242,1,3,2,NULL,14,4,3,99,1833,99,1
2243,4,2,2,NULL,7,99,3,2,1834,99,1
2244,2,1,2,NULL,11,99,3,3,1835,99,1
2245,2,2,2,NULL,8,99,3,99,1836,99,1
2246,1,4,2,NULL,3,99,3,3,1837,2,99
2247,2,2,2,NULL,1,99,3,4,1839,99,1
2248,2,1,2,NULL,10,99,3,99,1840,1,1
2249,1,2,2,NULL,10,99,3,3,1841,99,1
2250,2,1,2,NULL,11,99,3,99,1842,99,1
2251,1,4,1,NULL,14,4,3,1,1843,99,2
2252,1,2,2,NULL,9,99,3,1,1844,0,1
2253,1,1,2,NULL,2,99,3,2,1845,2,1
2254,1,4,2,NULL,1,99,3,3,1846,2,99
2255,1,2,2,NULL,9,99,3,2,1847,99,1
2256,1,2,2,NULL,14,99,3,7,1848,99,1
2257,1,2,2,NULL,5,99,3,99,1849,99,1
2258,1,2,2,NULL,12,99,3,6,1850,99,1
2259,2,1,2,NULL,1,99,3,6,1005,99,1
2260,1,2,2,NULL,10,99,3,3,1851,99,1
2261,2,1,2,NULL,4,99,3,99,1852,99,1
2262,1,3,1,NULL,7,0,3,1,1006,99,2
2263,1,2,1,NULL,1,99,3,2,1853,99,1
2264,2,1,1,NULL,11,1,3,99,1007,99,1
2265,1,2,2,NULL,10,99,3,1,1854,99,1
2266,1,1,2,NULL,14,5,3,99,1008,99,1
2267,1,2,2,NULL,14,0,3,7,1855,99,1
2268,1,4,2,NULL,11,99,3,7,1009,99,99
2269,1,3,1,NULL,6,0,3,1,1010,99,2
2270,2,2,2,NULL,14,0,3,99,1856,99,1
2271,1,1,1,NULL,1,99,3,0,1011,99,1
2272,2,1,2,NULL,12,99,3,99,1857,99,1
2273,1,2,2,NULL,7,99,3,99,1858,99,1
2274,1,3,2,NULL,11,99,3,99,1012,99,2
2275,1,2,2,NULL,14,0,3,99,1859,99,1
2276,1,3,1,NULL,7,99,3,1,1013,2,1
2277,1,1,2,NULL,10,99,3,3,1860,99,1
2278,1,3,1,NULL,11,0,3,1,1014,99,2
2279,7,1,2,NULL,9,99,3,7,1861,99,1
2280,1,4,1,NULL,5,99,3,0,1015,99,2
2281,2,1,2,NULL,7,0,3,3,1862,99,1
2282,1,1,2,NULL,8,99,3,99,1863,0,1
2283,1,2,2,NULL,8,99,3,3,1864,99,1
2284,1,3,2,NULL,11,1,3,1,1865,99,2
2285,1,2,2,NULL,14,0,3,3,1866,99,1
2286,1,3,1,NULL,7,99,3,0,1016,99,1
2287,1,1,2,NULL,9,99,3,3,1869,99,1
2288,1,3,1,NULL,7,99,3,1,1017,99,2
2289,2,1,2,NULL,14,99,3,2,1870,99,1
2290,2,3,1,NULL,10,99,3,99,1018,99,2
2291,2,1,2,NULL,1,99,3,2,1019,0,3
2292,1,2,2,NULL,5,99,3,2,1872,99,1
2293,1,1,1,NULL,11,99,3,1,1020,99,0
2294,1,2,1,NULL,9,99,3,1,1873,99,1
2295,1,3,2,NULL,4,2,3,99,1021,99,2
2296,1,4,2,NULL,3,99,3,99,1874,99,99
2297,1,4,2,NULL,5,99,3,7,1022,99,99
2298,1,4,2,NULL,7,99,3,99,1875,99,99
2299,1,2,2,NULL,11,99,3,3,1876,99,1
2300,7,1,2,NULL,10,99,3,6,1023,99,0
2301,1,3,2,NULL,4,99,3,2,1682,1,1
2302,1,3,2,NULL,10,99,3,2,1877,99,1
2303,1,2,2,NULL,12,4,3,99,1878,99,2
2304,1,1,1,NULL,14,1,3,4,1683,99,1
2305,2,1,2,NULL,12,4,3,99,1879,99,1
2306,1,1,2,NULL,10,99,3,7,1684,99,1
2307,1,2,1,NULL,11,2,3,1,1880,99,2
2308,1,2,1,NULL,11,99,3,2,1881,99,1
2309,1,2,2,NULL,3,99,3,3,1685,99,1
2310,1,2,1,NULL,11,99,3,2,1881,99,1
2311,4,4,1,NULL,8,99,3,0,1686,99,99
2312,2,1,2,NULL,11,99,3,2,1687,99,1
2313,1,1,2,NULL,11,0,3,2,1688,99,1
2314,7,2,2,NULL,5,99,3,2,1689,99,1
2315,1,4,2,NULL,8,99,3,2,1690,99,99
2316,1,2,2,NULL,7,3,3,99,1691,99,1
2317,1,2,2,NULL,11,99,3,99,1692,99,1
2318,1,3,2,NULL,11,99,3,7,1693,99,1
2319,1,3,2,NULL,14,3,3,7,1694,99,1
2320,1,3,2,NULL,11,99,3,7,1695,99,1
2321,1,4,1,NULL,11,99,3,2,1696,99,99
2322,1,2,2,NULL,10,99,3,99,1697,99,1
2323,4,3,2,NULL,6,99,3,2,1698,99,1
2324,1,2,2,NULL,11,99,3,2,1699,1,99
2325,1,1,2,NULL,5,99,3,3,1700,99,1
2326,1,2,2,NULL,14,5,3,2,1701,99,1
2327,1,3,1,NULL,7,99,3,2,1702,99,1
2328,1,3,2,NULL,14,4,3,7,1703,99,1
2329,1,4,2,NULL,14,99,3,3,1704,99,99
2330,2,1,2,NULL,11,99,3,2,1705,99,1
2331,1,4,2,NULL,4,99,3,2,1706,99,99
2332,2,0,2,NULL,11,99,3,2,1707,99,99
2333,2,1,2,NULL,14,1,3,2,1708,99,1
2334,1,3,1,NULL,1,99,3,1,1709,0,1
2335,1,4,2,NULL,10,0,3,99,1710,99,99
2336,3,3,2,NULL,11,99,3,7,1711,99,1
2337,7,2,2,NULL,4,99,3,99,1712,99,1
2338,2,1,1,NULL,11,99,3,2,1713,99,1
2339,4,3,2,NULL,10,99,3,2,1714,99,1
2340,1,2,2,NULL,5,99,3,7,1715,99,1
2341,1,3,1,NULL,12,99,3,2,1716,99,2
2342,1,2,2,NULL,12,99,3,99,1717,99,1
2343,3,3,2,NULL,11,99,3,2,1718,99,1
2344,1,2,2,NULL,10,99,3,3,1719,99,1
2345,7,2,2,NULL,12,99,3,99,1720,99,1
2346,1,1,2,NULL,9,99,3,4,1721,99,1
2347,1,3,1,NULL,11,99,3,99,1722,99,1
2348,1,1,2,NULL,14,0,3,99,1723,99,1
2349,4,3,2,NULL,9,99,3,2,1724,99,1
2350,7,1,2,NULL,3,99,3,99,1725,99,1
2351,1,1,2,NULL,12,99,3,2,1726,99,1
2352,1,2,2,NULL,1,99,3,99,1727,99,1
2353,1,2,1,NULL,12,99,3,1,1728,0,4
2354,1,1,1,NULL,1,99,3,1,1729,99,1
2355,1,3,1,NULL,6,99,3,2,1730,99,2
2356,1,3,2,NULL,11,99,3,99,1731,99,1
2357,2,3,2,NULL,9,99,3,4,1732,99,1
2358,1,4,2,NULL,11,99,3,2,1733,99,99
2359,7,1,2,NULL,5,99,3,3,1734,99,1
2360,1,0,1,NULL,4,99,3,2,1735,99,4
2361,2,1,1,NULL,1,99,3,1,1736,99,1
2362,2,1,1,NULL,1,1,3,2,1737,99,2
2363,1,1,2,NULL,11,99,3,2,1738,99,1
2364,1,4,1,NULL,7,99,3,99,1739,99,99
2365,2,1,2,NULL,12,99,3,99,1740,2,1
2366,1,2,2,NULL,11,99,3,99,1741,99,1
2367,1,2,2,NULL,11,99,3,3,1742,99,1
2368,6,1,2,NULL,12,99,3,99,1743,1,1
2369,2,1,2,NULL,5,99,3,2,1744,99,1
2370,2,2,2,NULL,1,99,3,2,1745,99,1
2371,1,1,2,NULL,11,99,3,3,1746,99,1
2372,1,2,2,NULL,4,99,3,2,1747,99,1
2373,1,3,2,NULL,12,99,3,99,1748,99,1
2374,1,1,2,NULL,14,99,3,1,1749,2,1
2375,2,2,2,NULL,4,0,3,99,1750,99,1
2376,2,3,1,NULL,5,99,3,1,1751,99,1
2377,1,3,2,NULL,11,99,3,2,1752,99,1
2378,2,1,1,NULL,14,99,3,2,1753,99,1
2379,1,1,2,NULL,9,99,3,7,1754,99,1
2380,2,1,2,NULL,9,99,3,7,1755,99,1
2381,1,4,2,NULL,12,99,3,99,1756,99,99
2382,1,1,2,NULL,10,99,3,0,1757,99,1
2383,7,1,2,NULL,7,0,3,2,1758,1,0
2384,1,3,1,NULL,11,99,3,2,1759,99,1
2385,1,4,1,NULL,12,99,3,1,1760,99,99
2386,1,4,2,NULL,12,99,3,2,1761,99,99
2387,1,2,2,NULL,5,99,3,7,1762,99,1
2388,2,2,2,NULL,5,99,3,3,1763,1,1
2389,4,3,1,NULL,14,99,3,2,1764,99,1
2390,2,1,2,NULL,7,99,3,99,1765,99,1
2391,2,2,2,NULL,1,99,3,2,1766,99,1
2392,4,3,2,NULL,10,99,3,2,1767,99,1
2393,1,3,2,NULL,1,99,3,2,1768,99,1
2394,7,1,2,NULL,5,1,3,99,1769,1,1
2395,1,2,2,NULL,11,99,3,2,1770,99,1
2396,1,2,2,NULL,14,4,3,2,1771,99,1
2397,1,2,2,NULL,10,99,3,3,1772,99,1
2398,1,4,1,NULL,14,99,3,1,1773,99,1
2399,1,3,2,NULL,1,99,3,2,1774,1,1
2400,1,1,1,NULL,11,99,3,99,1775,99,1
2401,1,2,2,NULL,11,99,3,2,1776,0,4
2402,1,4,2,NULL,14,0,3,99,1777,99,99
2403,2,1,1,NULL,3,99,3,2,1778,99,1
2404,7,0,2,NULL,11,99,3,99,1779,99,0
2405,1,1,2,NULL,3,99,3,2,1780,1,1
2406,1,2,2,NULL,14,4,3,99,1781,99,1
2407,4,0,2,NULL,1,99,3,99,1882,99,0
2408,1,1,2,NULL,10,99,3,3,1883,99,1
2409,1,2,2,NULL,10,99,3,3,1884,99,1
2410,1,4,2,NULL,1,99,3,99,1885,0,99
2411,1,3,1,NULL,1,99,3,99,1886,99,4
2412,1,1,1,NULL,10,99,3,1,1887,0,1
2413,1,2,2,NULL,5,99,3,3,1888,99,1
2414,1,2,2,NULL,1,99,3,2,1889,99,1
2415,1,1,2,NULL,5,99,3,7,1890,99,1
2416,1,3,2,NULL,11,99,3,2,1891,99,1
2417,1,3,2,NULL,14,4,3,2,1892,99,1
2418,1,2,2,NULL,11,99,3,99,1893,99,1
2419,1,1,2,NULL,10,99,3,3,1894,99,1
2420,1,2,2,NULL,10,99,3,3,1895,99,1
2421,2,1,2,NULL,7,0,3,99,1896,99,1
2422,2,1,2,NULL,14,0,3,99,1897,99,1
2423,2,2,2,NULL,9,5,3,0,1898,99,1
2424,1,2,2,NULL,11,99,3,3,1899,99,1
2425,1,1,1,NULL,9,99,3,1,1900,0,1
2426,2,1,2,NULL,4,99,3,99,1901,2,1
2427,1,1,2,NULL,11,99,3,99,1902,99,1
2428,1,4,2,NULL,10,99,3,3,1903,99,99
2429,1,2,2,NULL,5,99,3,99,1904,99,1
2430,2,2,2,NULL,14,0,3,99,1905,99,1
2431,1,2,2,NULL,11,99,3,3,1906,0,1
2432,1,2,2,NULL,14,99,3,3,1907,99,1
2433,1,3,1,NULL,12,99,3,1,1908,1,1
2434,1,3,1,NULL,11,99,3,2,1909,99,1
2435,2,2,2,NULL,11,99,3,2,1910,99,1
2436,1,3,1,NULL,1,99,3,2,1911,99,1
2437,1,1,1,NULL,9,99,3,0,1912,99,1
2438,1,3,2,NULL,14,3,3,7,1913,99,1
2439,1,1,2,NULL,5,99,3,2,1914,99,1
2440,1,1,2,NULL,1,99,3,2,1915,99,1
2441,1,4,2,NULL,6,99,3,2,1916,99,99
2442,1,4,2,NULL,4,99,3,99,1917,99,1
2443,1,1,1,NULL,7,99,3,1,1918,0,1
2444,2,2,2,NULL,1,99,3,2,1919,99,1
2445,1,1,2,NULL,1,99,3,3,1920,99,1
2446,1,3,2,NULL,6,99,3,7,1921,0,1
2447,2,2,2,NULL,14,4,3,99,1922,99,1
2448,4,3,1,NULL,9,99,3,2,1923,1,1
2449,1,2,2,NULL,14,3,3,99,1924,99,1
2450,4,3,1,NULL,11,0,3,6,1925,99,1
2451,1,3,1,NULL,10,99,3,2,1926,99,1
2452,2,4,2,NULL,5,99,3,99,1927,0,99
2453,1,2,1,NULL,9,99,3,2,1929,99,1
2454,1,2,2,NULL,14,99,3,3,1930,99,1
2455,1,3,1,NULL,9,99,3,2,1931,99,1
2456,7,1,2,NULL,12,99,3,99,1932,99,1
2457,1,3,2,NULL,11,0,3,5,1933,99,1
2458,1,4,2,NULL,4,1,3,99,1934,0,99
2459,1,1,1,NULL,7,99,3,1,1935,0,1
2460,2,3,2,NULL,11,99,3,99,1936,0,1
2461,1,3,2,NULL,14,4,3,99,1937,99,1
2462,0,1,2,NULL,9,99,3,6,1938,0,1
2463,1,3,2,NULL,14,99,3,7,1939,99,1
2464,1,2,2,NULL,11,0,3,8,1940,99,1
2465,7,1,2,NULL,5,99,3,2,1941,99,1
2466,1,2,2,NULL,10,99,3,3,1942,99,1
2467,1,2,2,NULL,8,99,3,99,1943,99,1
2468,1,4,2,NULL,6,99,3,3,1944,99,99
2469,2,1,1,NULL,11,99,3,1,1945,99,1
2470,1,3,1,NULL,12,0,3,2,1946,99,2
2471,1,1,2,NULL,11,99,3,3,1947,99,1
2472,2,1,2,NULL,10,99,3,99,1948,99,1
2473,1,2,1,NULL,11,99,3,2,1949,99,1
2474,2,1,2,NULL,12,0,3,99,1950,99,0
2475,1,2,1,NULL,10,1,3,2,1951,99,2
2476,1,3,1,NULL,10,99,3,1,1952,99,1
2477,2,1,1,NULL,1,99,3,1,1953,2,1
2478,1,4,2,NULL,11,99,3,3,1954,99,99
2479,4,4,1,NULL,10,99,3,99,1955,99,99
2480,1,3,1,NULL,10,99,3,1,1956,99,1
2481,7,2,2,NULL,14,99,3,99,1957,99,1
2482,2,1,1,NULL,14,99,3,2,1958,99,1
2483,1,1,2,NULL,9,1,3,99,1959,99,1
2484,1,2,2,NULL,5,99,3,2,1960,99,1
2485,2,1,1,NULL,4,99,3,2,1961,99,1
2486,2,2,2,NULL,7,99,3,2,1962,99,1
2487,2,1,1,NULL,3,99,3,1,1963,99,1
2488,1,3,1,NULL,11,99,3,1,1964,99,1
2489,2,1,2,NULL,11,99,3,2,1965,1,1
2490,1,2,2,NULL,10,99,3,2,1966,99,1
2491,1,4,1,NULL,11,99,3,99,1967,99,99
2492,3,1,2,NULL,3,99,3,99,1968,99,1
2493,1,1,2,NULL,14,99,3,99,1969,99,1
2494,4,4,2,NULL,10,2,3,99,1970,99,2
2495,7,1,2,NULL,6,0,3,0,1971,99,1
2496,1,1,2,NULL,7,99,3,99,1972,0,1
2497,1,2,2,NULL,11,99,3,99,1973,99,1
2498,1,3,1,NULL,11,99,3,1,1974,99,1
2499,1,2,2,NULL,14,4,3,2,1975,99,1
2500,1,2,2,NULL,5,4,3,2,1976,99,1
2501,1,3,2,NULL,9,99,3,2,1977,99,1
2502,5,2,2,NULL,5,99,3,99,1978,99,0
2503,2,1,2,NULL,11,99,3,2,1979,99,1
2504,1,1,1,NULL,10,99,3,4,1980,99,1
2505,1,2,2,NULL,5,99,3,2,1981,99,1
2506,1,3,1,NULL,8,99,3,2,1982,99,2
2507,1,3,2,NULL,14,4,3,2,1983,99,1
2508,1,2,2,NULL,11,99,3,3,1984,99,1
2509,2,1,1,NULL,1,99,3,1,1985,99,1
2510,1,3,2,NULL,1,99,3,7,1986,99,4
2511,2,2,2,NULL,6,99,3,99,1987,99,1
2512,1,3,2,NULL,1,99,3,3,1988,0,1
2513,1,2,2,NULL,10,99,3,3,1989,99,1
2514,7,1,2,NULL,11,99,3,99,1990,0,1
2515,1,2,2,NULL,7,99,3,7,1991,0,1
2516,1,2,1,NULL,10,99,3,3,1992,99,1
2517,1,2,2,NULL,5,99,3,3,1993,99,1
2518,1,1,1,NULL,9,99,3,99,1994,99,1
2519,1,3,1,NULL,14,5,3,2,1995,99,2
2520,1,3,1,NULL,14,5,3,2,1996,99,2
2521,7,2,2,NULL,9,99,3,2,1997,99,1
2522,2,3,2,NULL,4,99,3,99,1998,99,1
2523,1,3,2,NULL,1,99,3,7,1999,0,1
2524,7,1,2,NULL,14,4,3,99,2000,0,1
2525,2,1,2,NULL,3,0,3,99,2001,99,0
2526,2,3,2,NULL,9,99,3,99,2002,99,1
2527,1,4,1,NULL,1,99,3,99,2003,99,99
2528,1,1,2,NULL,14,4,3,2,2004,99,1
2529,1,3,2,NULL,11,99,3,2,2005,0,1
2530,2,2,2,NULL,2,99,3,2,2006,99,1
2531,1,3,1,NULL,3,99,3,2,2007,99,1
2532,1,1,2,NULL,14,0,3,99,2008,99,1
2533,1,1,2,NULL,14,0,3,99,2009,99,1
2534,1,4,2,NULL,8,99,3,99,2010,99,99
2535,1,1,2,NULL,10,99,3,4,2011,99,0
2536,0,1,1,NULL,14,99,3,2,2012,99,3
2537,1,3,1,NULL,10,99,3,99,2013,99,1
2538,1,2,1,NULL,1,99,3,1,2014,0,2
2539,2,1,2,NULL,8,99,3,99,2015,99,1
2540,2,2,2,NULL,11,99,3,99,2016,99,1
2541,1,2,1,NULL,14,0,3,1,2017,0,2
2542,2,1,2,NULL,11,99,3,2,2018,0,1
2543,1,2,2,NULL,14,3,3,2,2019,99,1
2544,1,3,1,NULL,10,99,3,1,2020,99,1
2545,2,2,2,NULL,7,0,3,99,2022,99,1
2546,1,2,2,NULL,3,99,3,3,2023,99,1
2547,1,2,2,NULL,10,99,3,99,2024,99,2
2548,1,1,1,NULL,12,99,3,2,2025,99,1
2549,2,2,2,NULL,5,99,3,2,2026,99,1
2550,1,4,2,NULL,14,0,3,99,2027,99,99
2551,1,2,2,NULL,14,99,3,3,2028,99,1
2552,1,3,1,NULL,9,99,3,1,2029,99,1
2553,2,1,2,NULL,5,99,3,99,2030,0,1
2554,5,3,2,NULL,11,99,3,2,2031,0,1
2555,4,3,1,NULL,3,99,3,99,2032,99,1
2556,1,3,2,NULL,4,99,3,2,2033,99,1
2557,7,3,2,NULL,10,99,3,4,2034,99,1
2558,1,2,2,NULL,7,99,3,3,2035,99,1
2559,1,2,1,NULL,1,0,3,0,2036,99,1
2560,1,4,2,NULL,14,99,3,7,2037,99,1
2561,2,1,2,NULL,10,99,3,99,2038,99,1
2562,2,4,1,NULL,11,99,3,2,2039,99,99
2563,1,2,2,NULL,11,99,3,3,2040,99,1
2564,1,2,2,NULL,11,99,3,99,2041,99,1
2565,1,2,2,NULL,10,99,3,3,2042,99,1
2566,1,3,1,NULL,3,99,3,99,2043,99,1
2567,1,2,2,NULL,10,0,3,2,2044,99,1
2568,7,0,2,NULL,10,99,3,3,2045,99,0
2569,1,2,2,NULL,11,99,3,6,2046,0,1
2570,2,1,1,NULL,1,99,3,2,2047,99,1
2571,1,1,2,NULL,11,99,3,0,2048,99,1
2572,2,1,1,NULL,6,99,3,2,2049,99,1
2573,1,2,2,NULL,12,99,3,99,2050,1,1
2574,7,3,2,NULL,4,99,3,99,2051,1,1
2575,1,1,2,NULL,11,99,3,99,2052,99,1
2576,1,4,2,NULL,11,99,3,99,2053,99,1
2577,3,3,2,NULL,9,99,3,2,2054,99,1
2578,1,4,2,NULL,14,4,3,5,2055,99,99
2579,7,1,2,NULL,12,99,3,99,2056,99,1
2580,1,1,2,NULL,3,99,3,2,2057,99,1
2581,1,4,1,NULL,9,99,3,99,2058,99,99
2582,1,2,2,NULL,7,4,3,3,2059,99,1
2583,6,3,2,NULL,9,99,3,7,2060,99,1
2584,1,1,2,NULL,8,99,3,1,2061,2,1
2585,1,2,2,NULL,3,5,3,3,2062,99,1
2586,2,1,2,NULL,10,99,3,99,2063,99,0
2587,7,3,2,NULL,12,99,3,99,2064,99,1
2588,1,1,1,NULL,3,99,3,1,2065,99,1
2589,1,1,2,NULL,12,99,3,0,2066,99,1
2590,1,2,2,NULL,5,99,3,99,2067,0,1
2591,1,3,2,NULL,1,99,3,99,2068,99,1
2592,1,1,2,NULL,9,99,3,0,2069,99,1
2593,1,3,2,NULL,10,99,3,2,2070,99,1
2594,1,2,2,NULL,9,99,3,7,2071,99,1
2595,1,4,2,NULL,14,99,3,99,2072,0,99
2596,1,2,1,NULL,11,99,3,99,2073,99,1
2597,1,3,2,NULL,11,99,3,99,2074,99,4
2598,2,2,2,NULL,11,99,3,3,2075,99,1
2599,0,2,2,NULL,14,99,3,2,2076,99,1
2600,1,4,2,NULL,11,99,3,99,2077,99,1
2601,1,2,2,NULL,14,4,3,99,2078,99,1
2602,1,2,2,NULL,14,4,3,99,2079,99,1
2603,2,3,2,NULL,5,99,3,99,2080,99,1
2604,2,2,2,NULL,11,99,3,99,2081,99,1
2605,1,2,2,NULL,11,99,3,3,2132,99,1
2606,1,1,2,NULL,11,1,3,99,2133,99,1
2607,1,1,2,NULL,11,99,3,2,2134,99,1
2608,1,1,1,NULL,9,99,3,4,2135,99,1
2609,1,1,1,NULL,7,99,3,4,2136,1,1
2610,1,1,2,NULL,9,99,3,99,2137,0,1
2611,1,2,2,NULL,11,99,3,3,2138,99,1
2612,1,2,2,NULL,4,99,3,3,2139,99,1
2613,0,3,2,NULL,14,0,3,7,2140,99,2
2614,2,3,2,NULL,9,99,3,7,2141,99,1
2615,1,2,2,NULL,12,99,3,0,2142,99,1
2616,1,3,2,NULL,14,4,3,7,2143,0,1
2617,1,3,1,NULL,14,99,3,1,2144,99,1
2618,1,2,2,NULL,10,99,3,3,2145,99,1
2619,1,4,2,NULL,14,99,3,3,2146,99,99
2620,1,1,2,NULL,1,99,3,99,2147,99,1
2621,4,4,2,NULL,11,99,3,99,2148,99,99
2622,2,1,1,NULL,12,99,3,2,2149,0,1
2623,5,4,1,NULL,7,99,3,1,2150,99,99
2624,1,3,2,NULL,11,99,3,99,2151,99,1
2625,2,2,2,NULL,10,99,3,2,2152,99,1
2626,1,2,2,NULL,11,99,3,7,2153,0,4
2627,4,3,1,NULL,9,99,3,0,2154,99,1
2628,1,2,2,NULL,14,4,3,99,2155,99,1
2629,3,1,2,NULL,11,99,3,3,2156,0,1
2630,7,2,2,NULL,10,0,3,3,2157,99,1
2631,1,2,2,NULL,11,99,3,3,2158,99,1
2632,2,1,2,NULL,7,0,3,7,2159,1,1
2633,2,1,2,NULL,14,99,3,3,2160,99,1
2634,2,2,2,NULL,5,99,3,99,2161,0,1
2635,1,1,1,NULL,11,99,3,1,2162,99,1
2636,1,2,2,NULL,11,99,3,3,2163,99,1
2637,1,1,2,NULL,14,99,3,3,2164,99,1
2638,1,2,2,NULL,12,99,3,7,2165,99,1
2639,1,4,1,NULL,5,99,3,99,2166,99,99
2640,1,0,2,NULL,11,99,3,6,2167,0,1
2641,2,1,2,NULL,10,99,3,99,2168,99,1
2642,1,2,2,NULL,7,99,3,3,2169,99,1
2643,1,4,2,NULL,14,1,3,99,2170,99,99
2644,1,4,2,NULL,14,4,3,99,2171,99,99
2645,7,1,2,NULL,14,0,3,99,2172,0,1
2646,1,2,2,NULL,11,99,3,99,2173,99,1
2647,2,1,2,NULL,10,99,3,3,2174,99,1
2648,1,3,2,NULL,11,99,3,3,2175,99,1
2649,1,3,1,NULL,7,99,3,1,2176,99,1
2650,1,3,2,NULL,12,99,3,2,2177,1,1
2651,1,1,1,NULL,14,99,3,1,2178,99,1
2652,2,1,1,NULL,11,99,3,2,2179,99,1
2653,1,1,2,NULL,6,99,3,2,2180,99,0
2654,6,1,2,NULL,8,99,3,7,2181,99,1
2655,1,2,2,NULL,12,99,3,2,2182,99,4
2656,7,3,2,NULL,8,99,3,2,2183,1,1
2657,1,1,2,NULL,10,99,3,3,2184,99,1
2658,4,2,1,NULL,3,0,3,99,2185,99,0
2659,1,2,2,NULL,10,99,3,3,2186,99,1
2660,1,3,2,NULL,7,99,3,7,2188,0,1
2661,1,3,1,NULL,1,99,3,2,2189,1,2
2662,1,1,2,NULL,4,99,3,99,2190,1,1
2663,1,3,1,NULL,10,2,3,1,2191,99,2
2664,1,1,2,NULL,11,99,3,2,2192,99,1
2665,7,1,2,NULL,14,0,3,2,2193,0,1
2666,1,2,2,NULL,12,99,3,2,2194,99,1
2667,4,3,2,NULL,5,99,3,99,2195,99,1
2668,1,2,2,NULL,14,4,3,99,2196,99,1
2669,1,2,2,NULL,11,99,3,2,2197,99,1
2670,6,2,2,NULL,4,99,3,2,2198,99,1
2671,1,1,2,NULL,1,99,3,99,2199,2,1
2672,1,1,2,NULL,7,99,3,7,2200,99,1
2673,1,4,1,NULL,11,1,3,1,2201,99,99
2674,1,1,2,NULL,11,99,3,1,2202,0,1
2675,1,4,2,NULL,14,4,3,99,2203,99,99
2676,2,2,2,NULL,11,99,3,2,2204,99,1
2677,1,2,2,NULL,12,99,3,99,2205,99,2
2678,1,1,2,NULL,12,99,3,0,2206,99,1
2679,4,4,2,NULL,11,99,3,8,2207,99,99
2680,1,2,2,NULL,10,99,3,7,2208,99,1
2681,1,1,2,NULL,14,4,3,3,2209,99,1
2682,1,1,2,NULL,14,4,3,3,2210,99,1
2683,2,1,1,NULL,10,99,3,99,2211,99,1
2684,1,2,2,NULL,3,99,3,2,2212,99,1
2685,1,2,1,NULL,14,0,3,1,2213,99,1
2686,1,4,2,NULL,11,4,3,2,2214,1,99
2687,1,1,2,NULL,7,99,3,3,2215,99,1
2688,7,1,2,NULL,11,0,3,0,2216,99,1
2689,1,1,2,NULL,11,99,3,2,2217,99,1
2690,1,3,1,NULL,12,99,3,99,2218,99,1
2691,1,2,2,NULL,14,99,3,3,2219,99,1
2692,1,4,1,NULL,7,99,3,1,2220,99,99
2693,1,3,2,NULL,6,99,3,99,2221,99,1
2694,1,3,2,NULL,11,2,3,2,2222,1,1
2695,1,2,2,NULL,11,99,3,3,2223,0,1
2696,2,1,1,NULL,1,1,3,4,2224,2,1
2697,5,1,2,NULL,10,99,3,99,2225,99,0
2698,1,1,2,NULL,14,0,3,7,2226,99,1
2699,1,1,1,NULL,9,99,3,99,2227,2,1
2700,1,4,1,NULL,14,1,3,99,2228,99,99
2701,1,1,2,NULL,10,99,3,4,2229,99,1
2702,1,1,2,NULL,10,99,3,0,2230,99,1
2703,1,1,1,NULL,7,99,3,99,2231,2,1
2704,6,2,2,NULL,9,99,3,2,2232,99,1
2705,1,4,1,NULL,11,99,3,2,2233,99,1
2706,1,1,2,NULL,11,99,3,2,2234,99,1
2707,7,3,2,NULL,8,99,3,99,2235,99,1
2708,1,4,2,NULL,11,99,3,7,2236,0,99
2709,1,2,2,NULL,5,99,3,3,2237,99,1
2710,2,2,2,NULL,1,99,3,7,2238,99,1
2711,1,2,2,NULL,5,99,3,3,2239,99,1
2712,2,1,2,NULL,14,0,3,99,2240,99,1
2713,1,3,1,NULL,6,2,3,1,2241,99,2
2714,1,1,2,NULL,7,99,3,2,2242,99,1
2715,1,2,2,NULL,12,99,3,99,2243,0,1
2716,1,4,2,NULL,12,99,3,2,2244,99,1
2717,1,3,1,NULL,1,99,3,2,2245,99,4
2718,1,3,1,NULL,1,99,3,2,2245,99,4
2719,1,3,2,NULL,7,99,3,7,2247,99,1
2720,1,3,1,NULL,7,99,3,2,2248,99,2
2721,1,3,2,NULL,12,99,3,99,2249,99,1
2722,1,2,2,NULL,1,99,3,2,2082,99,1
2723,1,2,2,NULL,7,99,3,99,2083,99,1
2724,1,2,2,NULL,14,4,3,99,2084,0,1
2725,1,2,2,NULL,10,99,3,3,2085,99,1
2726,1,2,1,NULL,6,99,3,2,2086,99,1
2727,1,1,1,NULL,9,99,3,1,2087,99,1
2728,1,1,2,NULL,7,99,3,2,2088,99,1
2729,1,2,2,NULL,11,99,3,6,2089,99,1
2730,1,2,2,NULL,6,99,3,2,2090,99,1
2731,1,2,2,NULL,10,99,3,3,2091,99,1
2732,1,1,2,NULL,12,1,3,99,2092,99,1
2733,1,1,1,NULL,9,1,3,1,2093,99,1
2734,1,1,2,NULL,11,99,3,1,2094,99,1
2735,1,4,1,NULL,7,99,3,1,2095,99,99
2736,1,2,2,NULL,10,99,3,3,2250,99,1
2737,2,1,2,NULL,11,4,3,99,2096,99,1
2738,2,1,2,NULL,9,99,3,99,2097,1,1
2739,7,2,2,NULL,14,0,3,0,2251,3,1
2740,1,4,1,NULL,1,2,3,1,2098,99,2
2741,1,3,1,NULL,1,2,3,1,2252,99,2
2742,1,4,2,NULL,12,0,3,3,2253,0,99
2743,1,1,1,NULL,9,99,3,2,2099,99,3
2744,1,4,2,NULL,10,0,3,6,2254,0,99
2745,1,2,2,NULL,11,99,3,99,2100,99,1
2746,1,3,1,NULL,12,99,3,2,2255,99,4
2747,7,2,2,NULL,5,99,3,2,2101,99,1
2748,1,3,1,NULL,1,99,3,99,2256,99,1
2749,1,4,2,NULL,4,99,3,7,2102,99,99
2750,1,2,2,NULL,5,99,3,7,2103,0,1
2751,1,2,2,NULL,9,99,3,1,2104,99,1
2752,1,2,1,NULL,12,99,3,1,2105,99,1
2753,1,2,2,NULL,14,0,3,3,2106,99,1
2754,1,2,2,NULL,10,99,3,3,2107,99,1
2755,2,2,2,NULL,11,99,3,2,2108,99,1
2756,7,1,2,NULL,1,99,3,99,2109,99,1
2757,2,1,2,NULL,11,99,3,99,2110,1,1
2758,1,4,2,NULL,7,99,3,99,2111,99,99
2759,1,4,1,NULL,11,99,3,99,2112,99,99
2760,1,2,1,NULL,8,99,3,1,2113,2,1
2761,1,4,2,NULL,6,99,3,99,2114,99,99
2762,2,2,2,NULL,14,99,3,7,2115,99,1
2763,1,2,2,NULL,12,99,3,2,2116,99,1
2764,1,2,2,NULL,14,3,3,6,2117,99,1
2765,2,2,2,NULL,11,99,3,99,2118,99,1
2766,4,2,2,NULL,9,99,3,2,2119,99,1
2767,2,1,2,NULL,8,99,3,99,2120,3,1
2768,1,1,1,NULL,5,99,3,2,2121,99,1
2769,2,4,1,NULL,12,99,3,99,2124,99,99
2770,1,2,2,NULL,7,99,3,3,2125,99,1
2771,1,2,2,NULL,7,99,3,2,2126,99,1
2772,1,2,2,NULL,5,99,3,2,2127,99,1
2773,1,2,2,NULL,12,99,3,99,2128,2,1
2774,1,2,2,NULL,8,99,3,3,2129,99,1
2775,2,2,2,NULL,9,0,3,99,2130,99,1
2776,1,2,1,NULL,14,0,3,1,2131,99,2
2777,1,1,2,NULL,12,99,3,1,2246,2,1
2778,1,2,2,NULL,10,99,3,3,2355,99,1
2779,2,1,2,NULL,14,0,3,1,2356,99,1
2780,1,1,1,NULL,12,99,3,1,2357,99,1
2781,4,2,2,NULL,6,99,3,99,2358,99,1
2782,1,4,1,NULL,6,99,3,1,2359,99,2
2783,2,1,1,NULL,12,99,3,1,2360,2,1
2784,2,1,2,NULL,3,99,3,2,2361,99,1
2785,1,4,2,NULL,1,99,3,3,2362,99,99
2786,2,2,2,NULL,7,99,3,99,2363,0,1
2787,1,1,2,NULL,11,99,3,99,2364,99,1
2788,1,4,2,NULL,7,99,3,2,2365,99,1
2789,1,1,2,NULL,7,99,3,2,2366,99,1
2790,1,3,2,NULL,14,99,3,3,2367,99,1
2791,1,4,2,NULL,14,0,3,99,2368,99,99
2792,1,2,1,NULL,1,99,3,1,2369,99,2
2793,1,1,2,NULL,11,99,3,3,2370,2,1
2794,1,1,2,NULL,5,99,3,2,2371,99,1
2795,1,1,1,NULL,8,99,3,1,2373,1,1
2796,2,2,2,NULL,5,99,3,1,2374,3,1
2797,1,2,2,NULL,5,99,3,3,2375,99,1
2798,1,2,2,NULL,14,4,3,99,2376,99,1
2799,1,3,2,NULL,5,99,3,3,2377,99,1
2800,1,2,2,NULL,7,99,3,2,2378,99,1
2801,1,4,1,NULL,9,99,3,1,2379,99,99
2802,2,2,2,NULL,2,99,3,2,2380,99,1
2803,1,2,2,NULL,11,99,3,99,2381,99,1
2804,7,1,2,NULL,10,99,3,99,2382,99,1
2805,1,4,1,NULL,9,99,3,99,2384,99,99
2806,1,2,1,NULL,6,99,3,1,2385,99,1
2807,1,2,2,NULL,11,99,3,3,2386,99,1
2808,1,4,1,NULL,5,99,3,1,2387,99,99
2809,1,1,2,NULL,10,99,3,3,2388,99,1
2810,1,2,2,NULL,7,99,3,2,2389,1,1
2811,2,2,2,NULL,1,99,3,1,2390,99,1
2812,1,4,2,NULL,8,99,3,7,2391,99,99
2813,1,4,1,NULL,5,99,3,1,2392,99,2
2814,1,2,2,NULL,9,99,3,99,2393,99,1
2815,1,2,2,NULL,4,99,3,7,2394,99,1
2816,7,2,2,NULL,5,99,3,99,2395,99,0
2817,2,2,2,NULL,1,99,3,99,2396,0,1
2818,1,4,1,NULL,9,99,3,1,2397,99,99
2819,1,4,2,NULL,14,0,3,99,2398,99,99
2820,1,2,2,NULL,9,99,3,99,2399,1,1
2821,1,1,2,NULL,5,99,3,3,2400,99,1
2822,2,2,2,NULL,10,99,3,4,2401,99,1
2823,1,4,1,NULL,8,99,3,1,2402,99,2
2824,2,2,2,NULL,11,99,3,2,2403,99,1
2825,1,4,2,NULL,1,99,3,2,2404,0,1
2826,1,2,2,NULL,14,4,3,99,2405,99,1
2827,2,2,2,NULL,5,99,3,99,2406,99,1
2828,1,4,2,NULL,7,99,3,99,2407,99,99
2829,1,2,2,NULL,1,99,3,99,2408,99,1
2830,1,1,2,NULL,8,99,3,2,2409,99,1
2831,1,1,2,NULL,5,1,3,2,2410,99,1
2832,1,4,1,NULL,11,99,3,1,2411,99,2
2833,7,1,2,NULL,14,0,3,99,2412,99,1
2834,7,1,2,NULL,7,99,3,99,2413,99,3
2835,4,3,1,NULL,9,0,3,1,2414,99,1
2836,1,2,2,NULL,9,99,3,99,2415,99,1
2837,1,1,2,NULL,5,99,3,99,2416,99,1
2838,2,1,1,NULL,9,99,3,99,2417,99,1
2839,4,4,1,NULL,7,99,3,2,2418,99,99
2840,1,2,2,NULL,5,99,3,3,2419,99,1
2841,7,1,2,NULL,11,99,3,99,2420,99,0
2842,1,2,2,NULL,11,99,3,99,2421,99,1
2843,1,1,2,NULL,8,0,3,99,2422,99,1
2844,1,2,1,NULL,6,99,3,99,2423,99,1
2845,1,2,2,NULL,9,99,3,99,2424,1,1
2846,1,4,2,NULL,14,3,3,1,2425,99,99
2847,1,2,2,NULL,10,99,3,2,2426,99,1
2848,1,4,2,NULL,14,4,3,99,2427,99,99
2849,7,3,2,NULL,10,99,3,99,2428,99,1
2850,7,1,2,NULL,11,2,3,99,2429,99,2
2851,2,2,2,NULL,9,99,3,99,2430,99,1
2852,1,2,2,NULL,12,99,3,99,2431,99,1
2853,1,2,1,NULL,4,99,3,2,2432,99,1
2854,1,2,2,NULL,3,99,3,2,2433,99,1
2855,2,1,1,NULL,11,1,3,1,2434,99,1
2856,1,4,1,NULL,7,99,3,1,2435,99,99
2857,1,1,2,NULL,12,99,3,99,2436,99,1
2858,7,2,2,NULL,11,99,3,99,2437,99,1
2859,1,4,1,NULL,10,99,3,1,2438,99,2
2860,1,3,1,NULL,11,99,3,99,2439,99,1
2861,1,4,1,NULL,11,2,3,1,2440,99,2
2862,1,2,2,NULL,10,99,3,3,2441,99,1
2863,1,2,1,NULL,12,99,3,1,2442,99,1
2864,1,2,2,NULL,10,99,3,7,2443,99,1
2865,1,2,2,NULL,5,99,3,3,2444,99,1
2866,1,2,1,NULL,7,99,3,1,2445,1,1
2867,2,1,2,NULL,14,99,3,4,2446,99,1
2868,1,2,2,NULL,7,2,3,99,2447,99,1
2869,1,2,2,NULL,14,4,3,99,2448,99,1
2870,1,2,2,NULL,8,0,3,1,2449,99,1
2871,1,1,2,NULL,8,99,3,3,2450,99,1
2872,1,1,2,NULL,5,99,3,3,2451,99,1
2873,1,4,2,NULL,10,99,3,99,2452,99,1
2874,1,4,2,NULL,14,3,3,1,2453,99,99
2875,2,2,2,NULL,9,99,3,6,2454,99,1
2876,1,1,1,NULL,5,99,3,1,2455,2,1
2877,1,2,2,NULL,7,99,3,2,2456,99,1
2878,1,2,2,NULL,1,99,3,2,2257,99,1
2879,1,3,2,NULL,14,99,3,7,2258,99,4
2880,1,2,1,NULL,7,2,3,1,2259,99,2
2881,1,2,2,NULL,7,99,3,2,2260,99,1
2882,1,3,2,NULL,11,99,3,7,2261,99,1
2883,1,1,2,NULL,4,99,3,99,2262,99,1
2884,1,1,2,NULL,7,99,3,99,2263,99,1
2885,1,3,1,NULL,10,99,3,1,2264,99,1
2886,1,2,2,NULL,11,99,3,2,2265,99,1
2887,1,2,2,NULL,10,99,3,0,2266,0,1
2888,1,4,2,NULL,14,4,3,99,2267,99,99
2889,2,1,2,NULL,1,99,3,2,2268,99,1
2890,1,2,2,NULL,11,99,3,3,2269,3,1
2891,1,2,2,NULL,11,99,3,99,2270,99,1
2892,5,2,2,NULL,12,99,3,99,2271,99,1
2893,2,4,1,NULL,9,99,3,99,2272,99,99
2894,1,1,2,NULL,11,99,3,4,2273,2,1
2895,1,2,2,NULL,11,0,3,3,2274,0,1
2896,1,4,1,NULL,10,99,3,99,2275,99,99
2897,1,1,2,NULL,11,99,3,2,2276,0,1
2898,1,4,1,NULL,14,0,3,99,2277,99,99
2899,1,1,2,NULL,3,99,3,2,2278,99,1
2900,1,1,2,NULL,10,99,3,7,2279,99,1
2901,1,2,2,NULL,2,99,3,99,2280,99,1
2902,1,3,2,NULL,12,99,3,6,2281,99,2
2903,1,1,2,NULL,11,99,3,6,2282,0,1
2904,1,3,2,NULL,12,99,3,2,2283,1,1
2905,1,2,2,NULL,11,99,3,6,2284,99,1
2906,0,2,2,NULL,11,99,3,6,2285,99,1
2907,2,2,2,NULL,12,99,3,7,2286,99,1
2908,1,2,2,NULL,3,99,3,3,2287,99,1
2909,1,4,2,NULL,11,99,3,2,2288,99,1
2910,1,2,2,NULL,7,99,3,99,2289,0,1
2911,2,3,1,NULL,9,99,3,1,2290,99,1
2912,1,2,2,NULL,14,4,3,99,2291,99,1
2913,2,1,1,NULL,5,99,3,1,2292,99,1
2914,1,4,2,NULL,4,99,3,2,2293,99,1
2915,1,4,1,NULL,11,99,3,2,2294,1,99
2916,2,1,2,NULL,11,1,3,99,2295,99,1
2917,1,3,1,NULL,12,99,3,99,2296,0,1
2918,2,1,1,NULL,5,99,3,5,2297,2,1
2919,7,3,2,NULL,11,99,3,99,2298,1,1
2920,1,3,2,NULL,5,0,3,6,2299,0,1
2921,1,2,2,NULL,14,4,3,99,2300,99,1
2922,2,2,2,NULL,3,99,3,2,2301,99,1
2923,1,1,1,NULL,11,99,3,0,2302,99,1
2924,2,4,2,NULL,10,99,3,99,2303,3,99
2925,1,2,2,NULL,14,4,3,99,2304,99,1
2926,1,3,1,NULL,14,4,3,0,2305,99,1
2927,1,3,1,NULL,6,99,3,1,2306,99,2
2928,2,1,2,NULL,11,99,3,7,2307,99,99
2929,1,3,1,NULL,7,1,3,99,2308,99,1
2930,1,3,1,NULL,10,99,3,1,2310,99,1
2931,2,1,2,NULL,2,99,3,99,2311,99,1
2932,1,3,1,NULL,11,99,3,99,2312,99,1
2933,1,3,1,NULL,6,99,3,99,2313,2,1
2934,2,2,2,NULL,3,99,3,7,2314,99,1
2935,1,3,1,NULL,1,0,3,99,2315,99,1
2936,1,3,2,NULL,14,0,3,7,2316,99,1
2937,1,1,2,NULL,9,99,3,3,2317,99,1
2938,1,3,2,NULL,10,99,3,6,2318,99,2
2939,2,2,2,NULL,9,0,3,8,2319,99,1
2940,1,2,2,NULL,10,99,3,3,2320,99,1
2941,1,2,2,NULL,10,99,3,3,2321,99,1
2942,1,2,2,NULL,11,99,3,3,2322,99,1
2943,1,3,2,NULL,10,99,3,99,2323,1,1
2944,1,3,1,NULL,5,0,3,2,2324,99,2
2945,2,2,2,NULL,14,4,3,7,2325,99,1
2946,1,2,2,NULL,14,0,3,2,2326,99,1
2947,1,4,1,NULL,5,99,3,99,2327,99,99
2948,1,2,1,NULL,11,99,3,99,2328,99,4
2949,1,2,2,NULL,11,99,3,99,2329,99,1
2950,2,1,2,NULL,12,99,3,3,2330,99,1
2951,1,2,2,NULL,14,5,3,3,2331,99,1
2952,1,2,2,NULL,10,99,3,3,2332,99,1
2953,1,2,2,NULL,1,99,3,2,2333,2,1
2954,2,1,2,NULL,14,99,3,2,2334,99,1
2955,1,4,2,NULL,7,99,3,99,2335,0,0
2956,2,4,1,NULL,12,99,3,2,2336,99,99
2957,4,3,1,NULL,11,99,3,8,2337,99,2
2958,1,3,1,NULL,1,99,3,4,2338,99,1
2959,1,1,2,NULL,7,99,3,0,2339,3,1
2960,1,3,1,NULL,9,99,3,2,2340,99,1
2961,1,1,2,NULL,11,99,3,99,2341,99,1
2962,1,1,2,NULL,5,99,3,99,2342,99,1
2963,1,3,2,NULL,5,99,3,2,2343,0,1
2964,1,4,2,NULL,5,99,3,2,2457,1,1
2965,1,2,2,NULL,11,4,3,99,2458,99,99
2966,4,4,2,NULL,3,99,3,2,2459,99,99
2967,2,1,2,NULL,12,99,3,99,2460,1,1
2968,2,3,2,NULL,10,99,3,3,2461,99,1
2969,2,1,2,NULL,11,99,3,1,2462,1,1
2970,3,3,2,NULL,11,99,3,99,2463,99,4
2971,2,1,2,NULL,8,99,3,99,2464,3,1
2972,1,1,2,NULL,10,99,3,99,2465,99,1
2973,1,3,2,NULL,11,99,3,99,2344,99,1
2974,2,2,2,NULL,6,99,3,99,2466,99,1
2975,7,1,2,NULL,14,99,3,99,2345,99,1
2976,1,1,2,NULL,14,4,3,99,2346,99,1
2977,1,4,2,NULL,14,0,3,99,2467,99,99
2978,1,2,2,NULL,14,5,3,3,2347,99,1
2979,1,2,2,NULL,7,99,3,99,2468,99,1
2980,1,2,2,NULL,11,99,3,3,2469,99,1
2981,1,3,2,NULL,11,99,3,2,2348,99,1
2982,1,1,2,NULL,12,99,3,1,2470,99,1
2983,3,3,2,NULL,7,0,3,99,2349,0,1
2984,5,2,2,NULL,11,99,3,3,2471,99,1
2985,2,1,2,NULL,14,0,3,99,2472,99,1
2986,3,3,2,NULL,10,0,3,99,2350,0,1
2987,1,2,2,NULL,11,99,3,3,2473,99,1
2988,2,1,1,NULL,14,99,3,99,2351,99,1
2989,1,2,2,NULL,8,99,3,99,2474,99,1
2990,1,1,2,NULL,3,99,3,0,2352,99,1
2991,2,1,1,NULL,9,99,3,1,2475,99,1
2992,1,2,2,NULL,5,99,3,7,2476,99,1
2993,1,4,2,NULL,3,99,3,2,2477,99,1
2994,1,1,2,NULL,3,99,3,2,2478,99,1
2995,1,1,2,NULL,11,0,3,99,2479,99,1
2996,2,1,1,NULL,9,99,3,1,2480,99,1
2997,1,2,2,NULL,10,99,3,0,2353,99,1
2998,2,2,2,NULL,11,99,3,2,2481,99,1
2999,0,3,2,NULL,12,99,3,7,2354,99,1
3000,2,2,2,NULL,10,4,3,99,2482,99,1
3001,1,3,1,NULL,1,99,3,2,2635,99,2
3002,1,2,2,NULL,10,99,3,3,2483,99,1
3003,1,4,2,NULL,11,99,3,2,2636,99,99
3004,1,1,1,NULL,11,99,3,1,2484,99,1
3005,1,1,2,NULL,1,0,3,99,2637,99,1
3006,2,2,2,NULL,5,99,3,99,2485,99,1
3007,2,2,2,NULL,4,99,3,0,2638,99,1
3008,4,2,2,NULL,5,99,3,6,2486,99,1
3009,1,1,1,NULL,11,99,3,99,2487,99,1
3010,4,2,1,NULL,4,99,3,99,2488,1,1
3011,1,4,2,NULL,9,99,3,2,2489,99,99
3012,1,2,2,NULL,6,99,3,1,2490,99,1
3013,2,1,2,NULL,11,99,3,99,2491,3,1
3014,1,2,2,NULL,4,99,3,99,2639,99,1
3015,7,2,2,NULL,10,99,3,99,2640,99,1
3016,7,1,2,NULL,12,99,3,99,2492,1,1
3017,1,3,1,NULL,2,99,3,99,2641,99,1
3018,1,2,2,NULL,11,99,3,3,2493,99,1
3019,1,2,2,NULL,14,99,3,3,2642,99,1
3020,1,2,2,NULL,11,99,3,7,2643,99,1
3021,1,2,2,NULL,12,99,3,99,2494,99,1
3022,4,4,1,NULL,9,99,3,99,2495,99,99
3023,7,0,2,NULL,9,0,3,0,2644,0,0
3024,2,2,2,NULL,3,0,3,2,2496,99,1
3025,1,1,2,NULL,10,99,3,0,2645,99,1
3026,2,2,2,NULL,1,99,3,2,2646,99,1
3027,7,1,2,NULL,5,0,3,99,2497,0,1
3028,1,1,1,NULL,1,99,3,1,2647,99,1
3029,1,2,1,NULL,7,99,3,1,2498,99,1
3030,2,2,2,NULL,10,99,3,99,2648,2,1
3031,1,2,1,NULL,7,99,3,1,2499,99,1
3032,1,4,2,NULL,11,99,3,3,2649,99,1
3033,7,1,2,NULL,7,99,3,99,2500,99,1
3034,1,2,2,NULL,14,0,3,7,2650,0,4
3035,0,3,2,NULL,4,99,3,7,2651,0,1
3036,2,2,2,NULL,12,99,3,99,2501,2,1
3037,1,4,1,NULL,14,99,3,1,2652,99,99
3038,1,2,1,NULL,5,99,3,99,2502,99,1
3039,1,1,2,NULL,14,3,3,2,2653,99,1
3040,4,2,2,NULL,1,99,3,99,2503,99,1
3041,1,3,2,NULL,14,99,3,7,2654,99,1
3042,1,2,2,NULL,12,99,3,99,2504,99,1
3043,2,1,2,NULL,14,3,3,7,2655,99,1
3044,1,4,1,NULL,3,99,3,1,2505,99,1
3045,1,2,2,NULL,9,99,3,99,2656,0,1
3046,1,2,2,NULL,14,99,3,3,2657,99,1
3047,2,1,1,NULL,4,99,3,1,2506,3,1
3048,1,1,1,NULL,1,99,3,1,2658,0,1
3049,7,1,2,NULL,9,99,3,99,2659,99,1
3050,2,4,2,NULL,9,99,3,0,2507,99,99
3051,1,2,2,NULL,11,99,3,3,2660,99,1
3052,7,2,2,NULL,11,99,3,99,2508,99,1
3053,7,2,2,NULL,14,99,3,99,2661,99,1
3054,2,2,2,NULL,12,99,3,2,2509,2,1
3055,1,2,2,NULL,5,99,3,99,2662,2,1
3056,2,1,1,NULL,3,99,3,1,2510,2,1
3057,2,1,2,NULL,10,99,3,3,2663,99,0
3058,1,4,2,NULL,14,3,3,2,2511,99,99
3059,1,4,2,NULL,12,99,3,99,2512,2,99
3060,2,2,2,NULL,12,99,3,2,2664,99,1
3061,1,2,2,NULL,9,99,3,99,2513,99,1
3062,7,1,2,NULL,10,99,3,99,2665,99,1
3063,2,1,2,NULL,11,99,3,99,2514,99,1
3064,1,3,1,NULL,5,99,3,99,2666,99,1
3065,1,4,1,NULL,6,99,3,1,2515,99,2
3066,1,3,1,NULL,12,0,3,0,2667,99,1
3067,1,2,1,NULL,5,99,3,1,2516,99,1
3068,1,1,2,NULL,5,99,3,2,2668,1,1
3069,4,1,2,NULL,11,99,3,2,2517,99,2
3070,1,3,2,NULL,5,99,3,7,2669,99,1
3071,1,1,2,NULL,11,99,3,7,2670,99,1
3072,5,2,2,NULL,11,99,3,6,2518,99,1
3073,1,2,2,NULL,11,99,3,2,2671,99,1
3074,2,1,2,NULL,9,0,3,99,2519,99,1
3075,1,2,2,NULL,12,99,3,2,2672,2,1
3076,1,4,2,NULL,5,99,3,7,2520,99,4
3077,1,3,2,NULL,11,0,3,2,2673,99,1
3078,4,4,2,NULL,11,99,3,2,2674,99,99
3079,1,3,2,NULL,5,99,3,3,2521,99,1
3080,1,3,2,NULL,4,99,3,7,2675,99,1
3081,1,2,2,NULL,9,99,3,1,2522,99,1
3082,1,3,2,NULL,1,99,3,99,2676,99,1
3083,1,4,2,NULL,14,4,3,99,2523,99,99
3084,1,2,1,NULL,1,99,3,2,2524,99,1
3085,1,4,2,NULL,12,0,3,99,2677,99,0
3086,1,4,1,NULL,5,99,3,99,2525,99,99
3087,1,2,2,NULL,12,99,3,7,2678,99,1
3088,2,1,1,NULL,9,99,3,2,2526,99,1
3089,7,1,2,NULL,5,99,3,7,2679,99,1
3090,1,2,2,NULL,7,99,3,99,2527,99,1
3091,1,2,2,NULL,3,0,3,99,2680,99,1
3092,1,2,2,NULL,14,99,3,3,2528,99,1
3093,4,2,1,NULL,9,99,3,99,2529,99,1
3094,4,2,1,NULL,4,99,3,1,2530,99,1
3095,2,2,2,NULL,9,4,3,99,2531,0,1
3096,1,1,2,NULL,6,99,3,2,2532,99,1
3097,1,1,2,NULL,10,4,3,1,2533,99,1
3098,1,2,2,NULL,1,99,3,3,2534,0,1
3099,2,2,1,NULL,9,99,3,99,2535,99,1
3100,2,1,1,NULL,1,99,3,2,2536,99,1
3101,2,2,1,NULL,9,99,3,1,2537,99,1
3102,1,1,2,NULL,11,99,3,99,2538,99,1
3103,1,4,2,NULL,11,99,3,99,2539,99,99
3104,1,2,2,NULL,7,99,3,3,2540,99,1
3105,2,2,2,NULL,5,99,3,99,2541,99,1
3106,2,1,2,NULL,11,99,3,3,2542,99,1
3107,4,2,2,NULL,7,99,3,99,2543,99,1
3108,2,1,2,NULL,11,99,3,99,2544,2,1
3109,3,2,2,NULL,12,99,3,3,2545,99,1
3110,1,2,2,NULL,14,0,3,99,2546,99,1
3111,7,2,2,NULL,11,0,3,99,2547,99,1
3112,2,1,2,NULL,12,99,3,99,2548,99,1
3113,1,4,2,NULL,14,4,3,99,2549,99,99
3114,1,1,2,NULL,9,99,3,4,2551,99,1
3115,5,1,2,NULL,10,99,3,3,2552,99,1
3116,1,2,2,NULL,14,0,3,99,2553,99,1
3117,4,2,1,NULL,1,0,3,99,2555,99,1
3118,1,1,2,NULL,11,99,3,1,2556,99,1
3119,2,2,2,NULL,12,99,3,99,2557,99,1
3120,7,2,2,NULL,5,99,3,99,2558,99,1
3121,1,1,2,NULL,10,99,3,99,2559,99,1
3122,1,2,2,NULL,2,99,3,99,2560,99,1
3123,2,2,2,NULL,1,99,3,99,2561,99,1
3124,1,1,2,NULL,10,99,3,2,2562,99,1
3125,1,1,1,NULL,6,5,3,1,2563,99,1
3126,2,1,1,NULL,9,1,3,99,2564,99,1
3127,7,2,2,NULL,8,0,3,99,2565,99,1
3128,5,2,2,NULL,11,99,3,99,2566,99,1
3129,1,2,2,NULL,10,99,3,2,2567,99,1
3130,1,1,2,NULL,10,99,3,2,2568,99,1
3131,1,4,1,NULL,4,99,3,1,2569,99,1
3132,7,2,2,NULL,10,99,3,99,2570,99,1
3133,1,2,2,NULL,5,99,3,99,2571,99,1
3134,1,4,2,NULL,8,99,3,99,2572,99,1
3135,1,2,1,NULL,11,99,3,3,2573,99,1
3136,2,1,1,NULL,12,99,3,2,2574,99,1
3137,2,1,2,NULL,3,0,3,99,2575,99,1
3138,1,4,1,NULL,8,99,3,1,2576,99,2
3139,4,2,1,NULL,3,99,3,0,2577,99,1
3140,1,1,2,NULL,6,99,3,99,2578,99,1
3141,2,1,2,NULL,5,99,3,6,2579,0,1
3142,1,2,1,NULL,11,99,3,1,2580,99,2
3143,1,2,2,NULL,12,99,3,0,2581,99,2
3144,4,2,2,NULL,5,99,3,2,2582,99,1
3145,1,2,2,NULL,5,99,3,7,2583,99,1
3146,1,4,2,NULL,1,99,3,7,2584,99,99
3147,1,1,2,NULL,8,99,3,3,2585,99,1
3148,2,2,2,NULL,8,99,3,99,2586,99,1
3149,1,1,2,NULL,9,0,3,99,2588,99,1
3150,1,2,2,NULL,12,99,3,1,2589,99,2
3151,1,2,2,NULL,1,4,3,99,2590,99,1
3152,1,4,2,NULL,4,99,3,2,2591,99,99
3153,7,2,2,NULL,14,99,3,99,2592,99,1
3154,1,2,2,NULL,11,99,3,3,2593,99,1
3155,4,2,1,NULL,7,99,3,99,2594,1,1
3156,2,1,2,NULL,5,99,3,3,2596,99,1
3157,2,2,1,NULL,8,99,3,99,2597,1,1
3158,3,4,2,NULL,11,99,3,6,2598,99,99
3159,2,1,2,NULL,8,99,3,99,2599,99,1
3160,2,1,2,NULL,6,1,3,99,2600,99,1
3161,5,1,2,NULL,10,99,3,3,2601,99,1
3162,2,1,1,NULL,11,99,3,99,2602,99,1
3163,1,4,2,NULL,11,2,3,1,2603,99,1
3164,2,2,2,NULL,12,99,3,99,2604,99,1
3165,1,2,1,NULL,9,99,3,99,2605,99,4
3166,1,2,2,NULL,9,99,3,99,2607,99,1
3167,5,1,2,NULL,14,3,3,3,2608,99,1
3168,2,1,1,NULL,14,99,3,1,2609,99,1
3169,1,4,2,NULL,3,99,3,99,2610,3,99
3170,2,1,2,NULL,9,99,3,2,2611,99,1
3171,7,1,2,NULL,5,4,3,99,2612,2,1
3172,1,1,1,NULL,5,99,3,1,2613,99,2
3173,1,2,2,NULL,11,99,3,3,2614,99,1
3174,2,1,1,NULL,1,99,3,1,2615,99,1
3175,1,2,2,NULL,10,4,3,99,2616,2,1
3176,2,3,2,NULL,9,99,3,1,2618,99,1
3177,1,3,2,NULL,11,99,3,3,2619,99,1
3178,1,4,1,NULL,1,99,3,1,2620,99,99
3179,2,1,2,NULL,8,99,3,0,2621,99,1
3180,1,2,2,NULL,8,99,3,3,2622,99,1
3181,2,2,2,NULL,14,0,3,99,2623,99,1
3182,1,2,2,NULL,14,0,3,1,2624,99,1
3183,1,2,1,NULL,1,99,3,1,2625,99,1
3184,1,2,2,NULL,11,3,3,99,2626,99,1
3185,2,1,1,NULL,11,99,3,2,2627,99,1
3186,2,2,1,NULL,12,99,3,1,2628,99,1
3187,1,4,1,NULL,9,99,3,99,2630,99,99
3188,2,4,1,NULL,8,1,3,1,2631,99,99
3189,1,2,2,NULL,10,99,3,3,2632,99,1
3190,1,2,1,NULL,8,99,3,1,2633,1,2
3191,1,2,2,NULL,7,99,3,7,2634,99,1
3192,1,2,2,NULL,7,99,3,7,2634,99,1
